idnum,state,county,floor,log_radon,log_uranium
5081,MN,AITKIN,ground,0.7884573603642703,-0.6890475953544999
5082,MN,AITKIN,basement,0.7884573603642703,-0.6890475953544999
5083,MN,AITKIN,basement,1.0647107369924282,-0.6890475953544999
5084,MN,AITKIN,basement,0.0,-0.6890475953544999
5085,MN,ANOKA,basement,1.1314021114911006,-0.8473128604997048
5086,MN,ANOKA,basement,0.9162907318741551,-0.8473128604997048
5087,MN,ANOKA,basement,0.4054651081081644,-0.8473128604997048
5088,MN,ANOKA,basement,0.0,-0.8473128604997048
5089,MN,ANOKA,basement,-0.35667494393873245,-0.8473128604997048
5090,MN,ANOKA,basement,0.1823215567939546,-0.8473128604997048
5091,MN,ANOKA,basement,0.1823215567939546,-0.8473128604997048
5092,MN,ANOKA,basement,0.26236426446749106,-0.8473128604997048
5093,MN,ANOKA,basement,0.3364722366212129,-0.8473128604997048
5094,MN,ANOKA,basement,-0.916290731874155,-0.8473128604997048
5095,MN,ANOKA,basement,0.09531017980432493,-0.8473128604997048
5096,MN,ANOKA,basement,1.5040773967762742,-0.8473128604997048
5097,MN,ANOKA,basement,0.26236426446749106,-0.8473128604997048
5098,MN,ANOKA,basement,0.7419373447293773,-0.8473128604997048
5099,MN,ANOKA,basement,1.7749523509116738,-0.8473128604997048
5100,MN,ANOKA,basement,1.1939224684724346,-0.8473128604997048
5101,MN,ANOKA,basement,0.5877866649021191,-0.8473128604997048
5102,MN,ANOKA,basement,1.6863989535702288,-0.8473128604997048
5103,MN,ANOKA,basement,1.840549633397487,-0.8473128604997048
5104,MN,ANOKA,basement,0.6418538861723947,-0.8473128604997048
5105,MN,ANOKA,basement,1.8870696490323797,-0.8473128604997048
5106,MN,ANOKA,basement,1.1314021114911006,-0.8473128604997048
5107,MN,ANOKA,basement,1.916922612182061,-0.8473128604997048
5108,MN,ANOKA,basement,1.9459101490553132,-0.8473128604997048
5109,MN,ANOKA,basement,2.0412203288596382,-0.8473128604997048
5110,MN,ANOKA,basement,1.6486586255873816,-0.8473128604997048
5111,MN,ANOKA,basement,1.5040773967762742,-0.8473128604997048
5112,MN,ANOKA,basement,1.4816045409242156,-0.8473128604997048
5113,MN,ANOKA,basement,1.0296194171811581,-0.8473128604997048
5114,MN,ANOKA,basement,2.0918640616783932,-0.8473128604997048
5115,MN,ANOKA,basement,0.47000362924573563,-0.8473128604997048
5116,MN,ANOKA,basement,1.4350845252893227,-0.8473128604997048
5117,MN,ANOKA,basement,1.6863989535702288,-0.8473128604997048
5118,MN,ANOKA,basement,1.3862943611198906,-0.8473128604997048
5119,MN,ANOKA,basement,0.8329091229351039,-0.8473128604997048
5120,MN,ANOKA,basement,1.0647107369924282,-0.8473128604997048
5121,MN,ANOKA,basement,0.3364722366212129,-0.8473128604997048
5122,MN,ANOKA,basement,1.1939224684724346,-0.8473128604997048
5123,MN,ANOKA,basement,1.0647107369924282,-0.8473128604997048
5124,MN,ANOKA,ground,0.5877866649021191,-0.8473128604997048
5125,MN,ANOKA,ground,-1.6094379124341003,-0.8473128604997048
5126,MN,ANOKA,basement,0.8754687373538999,-0.8473128604997048
5127,MN,ANOKA,ground,0.09531017980432493,-0.8473128604997048
5128,MN,ANOKA,basement,0.7884573603642703,-0.8473128604997048
5129,MN,ANOKA,basement,-0.5108256237659907,-0.8473128604997048
5130,MN,ANOKA,basement,0.5306282510621704,-0.8473128604997048
5131,MN,ANOKA,basement,1.0647107369924282,-0.8473128604997048
5132,MN,ANOKA,basement,0.7884573603642703,-0.8473128604997048
5133,MN,ANOKA,basement,0.5306282510621704,-0.8473128604997048
5134,MN,ANOKA,basement,0.3364722366212129,-0.8473128604997048
5135,MN,ANOKA,basement,0.6418538861723947,-0.8473128604997048
5136,MN,ANOKA,basement,0.5877866649021191,-0.8473128604997048
5137,MN,BECKER,ground,0.1823215567939546,-0.11345877376814012
5138,MN,BECKER,basement,1.4586150226995167,-0.11345877376814012
5139,MN,BECKER,ground,1.5040773967762742,-0.11345877376814012
5140,MN,BELTRAMI,basement,1.840549633397487,-0.5933525256074713
5141,MN,BELTRAMI,basement,1.5260563034950492,-0.5933525256074713
5142,MN,BELTRAMI,basement,1.7404661748405046,-0.5933525256074713
5143,MN,BELTRAMI,ground,0.7884573603642703,-0.5933525256074713
5144,MN,BELTRAMI,ground,-0.916290731874155,-0.5933525256074713
5145,MN,BELTRAMI,ground,1.5260563034950492,-0.5933525256074713
5146,MN,BELTRAMI,ground,1.4816045409242156,-0.5933525256074713
5147,MN,BENTON,basement,1.8870696490323797,-0.14289048115302844
5148,MN,BENTON,basement,0.9932517730102834,-0.14289048115302844
5149,MN,BENTON,ground,1.0647107369924282,-0.14289048115302844
5150,MN,BENTON,basement,1.0647107369924282,-0.14289048115302844
5151,MN,BIG STONE,basement,1.9740810260220096,0.38705670842480927
5152,MN,BIG STONE,basement,1.6094379124341003,0.38705670842480927
5153,MN,BIG STONE,basement,0.9555114450274363,0.38705670842480927
5154,MN,BLUE EARTH,basement,1.6094379124341003,0.2716136642727164
5155,MN,BLUE EARTH,basement,2.5649493574615367,0.2716136642727164
5156,MN,BLUE EARTH,basement,1.9740810260220096,0.2716136642727164
5157,MN,BLUE EARTH,basement,1.916922612182061,0.2716136642727164
5158,MN,BLUE EARTH,basement,2.5494451709255714,0.2716136642727164
5159,MN,BLUE EARTH,ground,1.7578579175523736,0.2716136642727164
5160,MN,BLUE EARTH,basement,2.2512917986064953,0.2716136642727164
5161,MN,BLUE EARTH,basement,1.791759469228055,0.2716136642727164
5162,MN,BLUE EARTH,basement,1.33500106673234,0.2716136642727164
5163,MN,BLUE EARTH,ground,2.6602595372658615,0.2716136642727164
5164,MN,BLUE EARTH,basement,0.5877866649021191,0.2716136642727164
5165,MN,BLUE EARTH,basement,1.9315214116032138,0.2716136642727164
5166,MN,BLUE EARTH,basement,1.547562508716013,0.2716136642727164
5167,MN,BLUE EARTH,basement,2.2512917986064953,0.2716136642727164
5168,MN,BROWN,ground,0.9162907318741551,0.277578704889093
5169,MN,BROWN,basement,1.9021075263969205,0.277578704889093
5170,MN,BROWN,ground,1.3862943611198906,0.277578704889093
5171,MN,BROWN,basement,2.312535423847214,0.277578704889093
5172,MN,CARLTON,basement,0.7884573603642703,-0.3323154878841331
5173,MN,CARLTON,basement,0.5877866649021191,-0.3323154878841331
5174,MN,CARLTON,basement,1.2237754316221157,-0.3323154878841331
5175,MN,CARLTON,ground,1.7227665977411035,-0.3323154878841331
5176,MN,CARLTON,basement,1.4586150226995167,-0.3323154878841331
5177,MN,CARLTON,basement,1.3609765531356006,-0.3323154878841331
5178,MN,CARLTON,basement,0.26236426446749106,-0.3323154878841331
5179,MN,CARLTON,basement,1.4350845252893227,-0.3323154878841331
5180,MN,CARLTON,basement,-0.2231435513142097,-0.3323154878841331
5181,MN,CARLTON,basement,0.6931471805599453,-0.3323154878841331
5182,MN,CARVER,basement,0.47000362924573563,0.09586457155536092
5183,MN,CARVER,basement,2.5572273113676265,0.09586457155536092
5184,MN,CARVER,ground,2.6878474937846906,0.09586457155536092
5185,MN,CARVER,ground,1.547562508716013,0.09586457155536092
5186,MN,CARVER,basement,2.2617630984737906,0.09586457155536092
5187,MN,CARVER,ground,-2.3025850929940455,0.09586457155536092
5188,MN,CASS,basement,1.308332819650179,-0.6082198069309426
5189,MN,CASS,basement,2.0014800002101243,-0.6082198069309426
5190,MN,CASS,basement,0.6418538861723947,-0.6082198069309426
5191,MN,CASS,basement,1.667706820558076,-0.6082198069309426
5192,MN,CASS,basement,1.3862943611198906,-0.6082198069309426
5193,MN,CHIPPEWA,basement,2.0412203288596382,0.27368456280792725
5194,MN,CHIPPEWA,basement,0.3364722366212129,0.27368456280792725
5195,MN,CHIPPEWA,basement,2.302585092994046,0.27368456280792725
5196,MN,CHIPPEWA,basement,2.2407096892759584,0.27368456280792725
5197,MN,CHISAGO,basement,-0.2231435513142097,-0.7353200871511567
5198,MN,CHISAGO,basement,1.4816045409242156,-0.7353200871511567
5199,MN,CHISAGO,basement,1.6094379124341003,-0.7353200871511567
5200,MN,CHISAGO,basement,0.7419373447293773,-0.7353200871511567
5201,MN,CHISAGO,basement,0.5306282510621704,-0.7353200871511567
5202,MN,CHISAGO,basement,2.0918640616783932,-0.7353200871511567
5203,MN,CLAY,ground,-0.10536051565782628,0.34378117542003134
5204,MN,CLAY,basement,2.5572273113676265,0.34378117542003134
5205,MN,CLAY,basement,0.9555114450274363,0.34378117542003134
5206,MN,CLAY,ground,1.252762968495368,0.34378117542003134
5207,MN,CLAY,basement,3.2809112157876537,0.34378117542003134
5208,MN,CLAY,basement,0.4054651081081644,0.34378117542003134
5209,MN,CLAY,basement,2.5649493574615367,0.34378117542003134
5210,MN,CLAY,basement,2.174751721484161,0.34378117542003134
5211,MN,CLAY,basement,2.970414465569701,0.34378117542003134
5212,MN,CLAY,ground,0.9162907318741551,0.34378117542003134
5213,MN,CLAY,basement,2.1972245773362196,0.34378117542003134
5214,MN,CLAY,basement,2.5726122302071057,0.34378117542003134
5215,MN,CLAY,basement,1.2809338454620642,0.34378117542003134
5216,MN,CLAY,ground,1.9315214116032138,0.34378117542003134
5217,MN,CLEARWATER,ground,1.5686159179138452,-0.05986041389770528
5218,MN,CLEARWATER,basement,1.2237754316221157,-0.05986041389770528
5219,MN,CLEARWATER,ground,-0.10536051565782628,-0.05986041389770528
5220,MN,CLEARWATER,basement,1.2237754316221157,-0.05986041389770528
5221,MN,COOK,basement,0.9932517730102834,-0.5049959825257828
5222,MN,COOK,basement,0.3364722366212129,-0.5049959825257828
5223,MN,COTTONWOOD,basement,1.916922612182061,0.33956032072044606
5224,MN,COTTONWOOD,ground,2.4069451083182885,0.33956032072044606
5225,MN,COTTONWOOD,ground,-2.3025850929940455,0.33956032072044606
5226,MN,COTTONWOOD,ground,0.9162907318741551,0.33956032072044606
5227,MN,CROW WING,basement,0.5877866649021191,-0.6333907001751405
5228,MN,CROW WING,basement,0.47000362924573563,-0.6333907001751405
5229,MN,CROW WING,ground,0.0,-0.6333907001751405
5230,MN,CROW WING,basement,-0.10536051565782628,-0.6333907001751405
5231,MN,CROW WING,basement,1.0647107369924282,-0.6333907001751405
5232,MN,CROW WING,basement,1.4816045409242156,-0.6333907001751405
5233,MN,CROW WING,basement,0.4054651081081644,-0.6333907001751405
5234,MN,CROW WING,basement,1.410986973710262,-0.6333907001751405
5235,MN,CROW WING,ground,0.9162907318741551,-0.6333907001751405
5236,MN,CROW WING,ground,1.9021075263969205,-0.6333907001751405
5237,MN,CROW WING,basement,1.4586150226995167,-0.6333907001751405
5238,MN,CROW WING,basement,1.7047480922384253,-0.6333907001751405
5239,MN,DAKOTA,basement,1.2809338454620642,-0.024145162468538463
5240,MN,DAKOTA,basement,1.0296194171811581,-0.024145162468538463
5241,MN,DAKOTA,basement,2.681021528714291,-0.024145162468538463
5242,MN,DAKOTA,basement,1.9021075263969205,-0.024145162468538463
5243,MN,DAKOTA,basement,2.0794415416798357,-0.024145162468538463
5244,MN,DAKOTA,basement,0.9555114450274363,-0.024145162468538463
5245,MN,DAKOTA,ground,1.0296194171811581,-0.024145162468538463
5246,MN,DAKOTA,basement,1.4816045409242156,-0.024145162468538463
5247,MN,DAKOTA,ground,0.5306282510621704,-0.024145162468538463
5248,MN,DAKOTA,basement,0.6931471805599453,-0.024145162468538463
5249,MN,DAKOTA,basement,0.6931471805599453,-0.024145162468538463
5250,MN,DAKOTA,basement,0.4054651081081644,-0.024145162468538463
5251,MN,DAKOTA,basement,2.2617630984737906,-0.024145162468538463
5252,MN,DAKOTA,basement,2.0918640616783932,-0.024145162468538463
5253,MN,DAKOTA,basement,1.252762968495368,-0.024145162468538463
5254,MN,DAKOTA,ground,-0.2231435513142097,-0.024145162468538463
5255,MN,DAKOTA,basement,1.62924053973028,-0.024145162468538463
5256,MN,DAKOTA,basement,1.1631508098056809,-0.024145162468538463
5257,MN,DAKOTA,basement,2.379546134130174,-0.024145162468538463
5258,MN,DAKOTA,basement,2.1041341542702074,-0.024145162468538463
5259,MN,DAKOTA,basement,1.840549633397487,-0.024145162468538463
5260,MN,DAKOTA,basement,1.5686159179138452,-0.024145162468538463
5261,MN,DAKOTA,basement,1.791759469228055,-0.024145162468538463
5262,MN,DAKOTA,basement,0.09531017980432493,-0.024145162468538463
5263,MN,DAKOTA,basement,2.163323025660538,-0.024145162468538463
5264,MN,DAKOTA,basement,2.174751721484161,-0.024145162468538463
5265,MN,DAKOTA,basement,1.916922612182061,-0.024145162468538463
5266,MN,DAKOTA,basement,0.8329091229351039,-0.024145162468538463
5267,MN,DAKOTA,basement,0.47000362924573563,-0.024145162468538463
5268,MN,DAKOTA,basement,1.0296194171811581,-0.024145162468538463
5269,MN,DAKOTA,basement,1.8718021769015913,-0.024145162468538463
5270,MN,DAKOTA,basement,0.5306282510621704,-0.024145162468538463
5271,MN,DAKOTA,basement,1.5260563034950492,-0.024145162468538463
5272,MN,DAKOTA,basement,1.1939224684724346,-0.024145162468538463
5273,MN,DAKOTA,basement,1.4816045409242156,-0.024145162468538463
5274,MN,DAKOTA,basement,3.054001181677967,-0.024145162468538463
5275,MN,DAKOTA,basement,2.2082744135228043,-0.024145162468538463
5276,MN,DAKOTA,basement,-0.10536051565782628,-0.024145162468538463
5277,MN,DAKOTA,basement,1.589235205116581,-0.024145162468538463
5278,MN,DAKOTA,basement,1.6094379124341003,-0.024145162468538463
5279,MN,DAKOTA,basement,0.09531017980432493,-0.024145162468538463
5280,MN,DAKOTA,basement,2.028148247292285,-0.024145162468538463
5281,MN,DAKOTA,basement,1.6863989535702288,-0.024145162468538463
5282,MN,DAKOTA,basement,1.2809338454620642,-0.024145162468538463
5283,MN,DAKOTA,basement,1.589235205116581,-0.024145162468538463
5284,MN,DAKOTA,basement,1.547562508716013,-0.024145162468538463
5285,MN,DAKOTA,basement,0.3364722366212129,-0.024145162468538463
5286,MN,DAKOTA,basement,1.2237754316221157,-0.024145162468538463
5287,MN,DAKOTA,basement,1.4350845252893227,-0.024145162468538463
5288,MN,DAKOTA,basement,0.9162907318741551,-0.024145162468538463
5289,MN,DAKOTA,basement,0.3364722366212129,-0.024145162468538463
5290,MN,DAKOTA,basement,0.3364722366212129,-0.024145162468538463
5291,MN,DAKOTA,basement,0.6418538861723947,-0.024145162468538463
5292,MN,DAKOTA,basement,1.5686159179138452,-0.024145162468538463
5293,MN,DAKOTA,ground,0.3364722366212129,-0.024145162468538463
5294,MN,DAKOTA,basement,1.33500106673234,-0.024145162468538463
5295,MN,DAKOTA,basement,2.174751721484161,-0.024145162468538463
5296,MN,DAKOTA,basement,1.4586150226995167,-0.024145162468538463
5297,MN,DAKOTA,basement,1.4816045409242156,-0.024145162468538463
5298,MN,DAKOTA,basement,1.5040773967762742,-0.024145162468538463
5299,MN,DAKOTA,basement,0.7884573603642703,-0.024145162468538463
5300,MN,DAKOTA,basement,-0.6931471805599453,-0.024145162468538463
5301,MN,DAKOTA,basement,1.7578579175523736,-0.024145162468538463
5302,MN,DODGE,basement,1.6863989535702288,0.26385545977521707
5303,MN,DODGE,basement,1.9740810260220096,0.26385545977521707
5304,MN,DODGE,basement,1.7404661748405046,0.26385545977521707
5305,MN,DOUGLAS,basement,2.0014800002101243,0.15571231697983925
5306,MN,DOUGLAS,basement,1.5686159179138452,0.15571231697983925
5307,MN,DOUGLAS,basement,1.916922612182061,0.15571231697983925
5308,MN,DOUGLAS,basement,1.8562979903656263,0.15571231697983925
5309,MN,DOUGLAS,ground,1.308332819650179,0.15571231697983925
5310,MN,DOUGLAS,basement,1.7047480922384253,0.15571231697983925
5311,MN,DOUGLAS,basement,2.0541237336955462,0.15571231697983925
5312,MN,DOUGLAS,basement,1.4816045409242156,0.15571231697983925
5313,MN,DOUGLAS,basement,0.9932517730102834,0.15571231697983925
5314,MN,FARIBAULT,basement,1.2237754316221157,0.2950250467070394
5315,MN,FARIBAULT,basement,1.4350845252893227,0.2950250467070394
5316,MN,FARIBAULT,basement,0.8329091229351039,0.2950250467070394
5317,MN,FARIBAULT,ground,0.26236426446749106,0.2950250467070394
5318,MN,FARIBAULT,basement,1.6486586255873816,0.2950250467070394
5319,MN,FARIBAULT,basement,-2.3025850929940455,0.2950250467070394
5320,MN,FILLMORE,ground,0.9162907318741551,0.41491366292777554
5321,MN,FILLMORE,basement,1.1631508098056809,0.41491366292777554
5322,MN,FREEBORN,basement,1.1631508098056809,0.22420698566740638
5323,MN,FREEBORN,basement,2.2617630984737906,0.22420698566740638
5324,MN,FREEBORN,basement,1.4350845252893227,0.22420698566740638
5325,MN,FREEBORN,basement,2.1972245773362196,0.22420698566740638
5326,MN,FREEBORN,basement,1.840549633397487,0.22420698566740638
5327,MN,FREEBORN,basement,3.484312288372662,0.22420698566740638
5328,MN,FREEBORN,basement,2.580216829592325,0.22420698566740638
5329,MN,FREEBORN,ground,0.7884573603642703,0.22420698566740638
5330,MN,FREEBORN,ground,1.7227665977411035,0.22420698566740638
5331,MN,GOODHUE,basement,2.6602595372658615,0.19661064642423215
5332,MN,GOODHUE,ground,1.9315214116032138,0.19661064642423215
5333,MN,GOODHUE,basement,2.028148247292285,0.19661064642423215
5334,MN,GOODHUE,ground,2.2823823856765264,0.19661064642423215
5335,MN,GOODHUE,basement,0.9555114450274363,0.19661064642423215
5336,MN,GOODHUE,basement,3.7727609380946383,0.19661064642423215
5337,MN,GOODHUE,basement,1.589235205116581,0.19661064642423215
5338,MN,GOODHUE,basement,1.589235205116581,0.19661064642423215
5339,MN,GOODHUE,basement,1.252762968495368,0.19661064642423215
5340,MN,GOODHUE,basement,1.5686159179138452,0.19661064642423215
5341,MN,GOODHUE,basement,1.7227665977411035,0.19661064642423215
5342,MN,GOODHUE,basement,1.252762968495368,0.19661064642423215
5343,MN,GOODHUE,basement,1.3609765531356006,0.19661064642423215
5344,MN,GOODHUE,basement,1.9021075263969205,0.19661064642423215
5345,MN,HENNEPIN,basement,2.066862759472976,-0.09652081232424005
5346,MN,HENNEPIN,basement,1.1939224684724346,-0.09652081232424005
5347,MN,HENNEPIN,ground,0.7419373447293773,-0.09652081232424005
5348,MN,HENNEPIN,basement,0.47000362924573563,-0.09652081232424005
5349,MN,HENNEPIN,basement,1.3862943611198906,-0.09652081232424005
5350,MN,HENNEPIN,basement,0.5877866649021191,-0.09652081232424005
5351,MN,HENNEPIN,basement,0.9162907318741551,-0.09652081232424005
5352,MN,HENNEPIN,basement,2.4159137783010487,-0.09652081232424005
5353,MN,HENNEPIN,basement,0.9555114450274363,-0.09652081232424005
5354,MN,HENNEPIN,basement,1.3609765531356006,-0.09652081232424005
5355,MN,HENNEPIN,basement,2.0014800002101243,-0.09652081232424005
5356,MN,HENNEPIN,basement,0.26236426446749106,-0.09652081232424005
5357,MN,HENNEPIN,basement,-0.10536051565782628,-0.09652081232424005
5358,MN,HENNEPIN,basement,-0.916290731874155,-0.09652081232424005
5359,MN,HENNEPIN,ground,0.9162907318741551,-0.09652081232424005
5360,MN,HENNEPIN,basement,1.791759469228055,-0.09652081232424005
5361,MN,HENNEPIN,basement,0.6931471805599453,-0.09652081232424005
5362,MN,HENNEPIN,basement,1.6863989535702288,-0.09652081232424005
5363,MN,HENNEPIN,basement,1.0986122886681098,-0.09652081232424005
5364,MN,HENNEPIN,basement,1.0647107369924282,-0.09652081232424005
5365,MN,HENNEPIN,basement,1.7047480922384253,-0.09652081232424005
5366,MN,HENNEPIN,basement,1.410986973710262,-0.09652081232424005
5367,MN,HENNEPIN,basement,1.3609765531356006,-0.09652081232424005
5368,MN,HENNEPIN,basement,2.7013612129514133,-0.09652081232424005
5369,MN,HENNEPIN,basement,1.9740810260220096,-0.09652081232424005
5370,MN,HENNEPIN,basement,0.8329091229351039,-0.09652081232424005
5371,MN,HENNEPIN,ground,1.0296194171811581,-0.09652081232424005
5372,MN,HENNEPIN,basement,1.4816045409242156,-0.09652081232424005
5373,MN,HENNEPIN,basement,0.4054651081081644,-0.09652081232424005
5374,MN,HENNEPIN,basement,2.151762203259462,-0.09652081232424005
5375,MN,HENNEPIN,basement,1.7227665977411035,-0.09652081232424005
5376,MN,HENNEPIN,basement,2.151762203259462,-0.09652081232424005
5377,MN,HENNEPIN,basement,1.33500106673234,-0.09652081232424005
5378,MN,HENNEPIN,basement,0.5877866649021191,-0.09652081232424005
5379,MN,HENNEPIN,basement,0.6418538861723947,-0.09652081232424005
5380,MN,HENNEPIN,basement,1.7047480922384253,-0.09652081232424005
5381,MN,HENNEPIN,basement,0.9162907318741551,-0.09652081232424005
5382,MN,HENNEPIN,ground,-0.2231435513142097,-0.09652081232424005
5383,MN,HENNEPIN,basement,0.7419373447293773,-0.09652081232424005
5384,MN,HENNEPIN,basement,1.0296194171811581,-0.09652081232424005
5385,MN,HENNEPIN,basement,1.3609765531356006,-0.09652081232424005
5386,MN,HENNEPIN,basement,1.4586150226995167,-0.09652081232424005
5387,MN,HENNEPIN,basement,1.547562508716013,-0.09652081232424005
5388,MN,HENNEPIN,basement,1.0296194171811581,-0.09652081232424005
5389,MN,HENNEPIN,basement,1.410986973710262,-0.09652081232424005
5390,MN,HENNEPIN,basement,0.47000362924573563,-0.09652081232424005
5391,MN,HENNEPIN,basement,1.4586150226995167,-0.09652081232424005
5392,MN,HENNEPIN,ground,-0.35667494393873245,-0.09652081232424005
5393,MN,HENNEPIN,basement,1.7047480922384253,-0.09652081232424005
5394,MN,HENNEPIN,ground,1.1939224684724346,-0.09652081232424005
5395,MN,HENNEPIN,basement,1.7047480922384253,-0.09652081232424005
5396,MN,HENNEPIN,basement,0.9162907318741551,-0.09652081232424005
5397,MN,HENNEPIN,basement,0.9932517730102834,-0.09652081232424005
5398,MN,HENNEPIN,basement,2.128231705849268,-0.09652081232424005
5399,MN,HENNEPIN,basement,1.1939224684724346,-0.09652081232424005
5400,MN,HENNEPIN,basement,1.1631508098056809,-0.09652081232424005
5401,MN,HENNEPIN,basement,2.151762203259462,-0.09652081232424005
5402,MN,HENNEPIN,basement,0.5306282510621704,-0.09652081232424005
5403,MN,HENNEPIN,basement,1.7404661748405046,-0.09652081232424005
5404,MN,HENNEPIN,basement,2.5649493574615367,-0.09652081232424005
5405,MN,HENNEPIN,basement,0.9932517730102834,-0.09652081232424005
5406,MN,HENNEPIN,basement,1.547562508716013,-0.09652081232424005
5407,MN,HENNEPIN,basement,1.7227665977411035,-0.09652081232424005
5408,MN,HENNEPIN,basement,2.624668592163159,-0.09652081232424005
5409,MN,HENNEPIN,ground,2.028148247292285,-0.09652081232424005
5410,MN,HENNEPIN,basement,1.7404661748405046,-0.09652081232424005
5411,MN,HENNEPIN,basement,1.5260563034950492,-0.09652081232424005
5412,MN,HENNEPIN,basement,2.028148247292285,-0.09652081232424005
5413,MN,HENNEPIN,basement,0.9555114450274363,-0.09652081232424005
5414,MN,HENNEPIN,basement,1.5040773967762742,-0.09652081232424005
5415,MN,HENNEPIN,basement,1.7749523509116738,-0.09652081232424005
5416,MN,HENNEPIN,basement,0.7884573603642703,-0.09652081232424005
5417,MN,HENNEPIN,basement,0.8754687373538999,-0.09652081232424005
5418,MN,HENNEPIN,basement,1.3862943611198906,-0.09652081232424005
5419,MN,HENNEPIN,basement,1.5260563034950492,-0.09652081232424005
5420,MN,HENNEPIN,basement,1.5260563034950492,-0.09652081232424005
5421,MN,HENNEPIN,basement,2.388762789235098,-0.09652081232424005
5422,MN,HENNEPIN,basement,2.028148247292285,-0.09652081232424005
5423,MN,HENNEPIN,basement,1.0986122886681098,-0.09652081232424005
5424,MN,HENNEPIN,basement,0.4054651081081644,-0.09652081232424005
5425,MN,HENNEPIN,ground,0.47000362924573563,-0.09652081232424005
5426,MN,HENNEPIN,basement,2.803360380906535,-0.09652081232424005
5427,MN,HENNEPIN,basement,1.1314021114911006,-0.09652081232424005
5428,MN,HENNEPIN,basement,1.62924053973028,-0.09652081232424005
5429,MN,HENNEPIN,basement,1.589235205116581,-0.09652081232424005
5430,MN,HENNEPIN,basement,1.791759469228055,-0.09652081232424005
5431,MN,HENNEPIN,ground,-0.10536051565782628,-0.09652081232424005
5432,MN,HENNEPIN,basement,0.5877866649021191,-0.09652081232424005
5433,MN,HENNEPIN,basement,1.3609765531356006,-0.09652081232424005
5434,MN,HENNEPIN,basement,1.7227665977411035,-0.09652081232424005
5435,MN,HENNEPIN,ground,-0.916290731874155,-0.09652081232424005
5436,MN,HENNEPIN,basement,0.9555114450274363,-0.09652081232424005
5437,MN,HENNEPIN,basement,1.2809338454620642,-0.09652081232424005
5438,MN,HENNEPIN,basement,1.824549292051046,-0.09652081232424005
5439,MN,HENNEPIN,basement,3.1612467120315646,-0.09652081232424005
5440,MN,HENNEPIN,basement,1.3609765531356006,-0.09652081232424005
5441,MN,HENNEPIN,basement,1.0647107369924282,-0.09652081232424005
5442,MN,HENNEPIN,basement,1.0986122886681098,-0.09652081232424005
5443,MN,HENNEPIN,basement,1.547562508716013,-0.09652081232424005
5444,MN,HENNEPIN,basement,1.0986122886681098,-0.09652081232424005
5445,MN,HENNEPIN,basement,1.4350845252893227,-0.09652081232424005
5446,MN,HENNEPIN,basement,1.33500106673234,-0.09652081232424005
5447,MN,HENNEPIN,basement,1.0986122886681098,-0.09652081232424005
5448,MN,HENNEPIN,basement,1.4586150226995167,-0.09652081232424005
5449,MN,HENNEPIN,ground,1.0647107369924282,-0.09652081232424005
5450,MN,HOUSTON,basement,1.2237754316221157,0.5035290685333527
5451,MN,HOUSTON,basement,2.1400661634962708,0.5035290685333527
5452,MN,HOUSTON,basement,2.1972245773362196,0.5035290685333527
5453,MN,HOUSTON,ground,1.5686159179138452,0.5035290685333527
5454,MN,HOUSTON,basement,1.2809338454620642,0.5035290685333527
5455,MN,HOUSTON,ground,0.7884573603642703,0.5035290685333527
5456,MN,HUBBARD,ground,1.0296194171811581,-0.4005969767113039
5457,MN,HUBBARD,ground,-0.2231435513142097,-0.4005969767113039
5458,MN,HUBBARD,basement,0.4054651081081644,-0.4005969767113039
5459,MN,HUBBARD,basement,1.5260563034950492,-0.4005969767113039
5460,MN,HUBBARD,ground,1.308332819650179,-0.4005969767113039
5461,MN,ISANTI,basement,1.2809338454620642,-0.7518722327017873
5462,MN,ISANTI,basement,1.0986122886681098,-0.7518722327017873
5463,MN,ISANTI,basement,0.7884573603642703,-0.7518722327017873
5464,MN,ITASCA,basement,0.6418538861723947,-0.6633476306014291
5465,MN,ITASCA,basement,0.9555114450274363,-0.6633476306014291
5466,MN,ITASCA,basement,0.5877866649021191,-0.6633476306014291
5467,MN,ITASCA,basement,0.8754687373538999,-0.6633476306014291
5468,MN,ITASCA,basement,1.4586150226995167,-0.6633476306014291
5469,MN,ITASCA,basement,0.9555114450274363,-0.6633476306014291
5470,MN,ITASCA,basement,0.09531017980432493,-0.6633476306014291
5471,MN,ITASCA,basement,1.1939224684724346,-0.6633476306014291
5472,MN,ITASCA,basement,0.9162907318741551,-0.6633476306014291
5473,MN,ITASCA,basement,2.2407096892759584,-0.6633476306014291
5474,MN,ITASCA,basement,0.26236426446749106,-0.6633476306014291
5475,MN,JACKSON,basement,2.128231705849268,0.30902028483933436
5476,MN,JACKSON,basement,1.6094379124341003,0.30902028483933436
5477,MN,JACKSON,basement,1.0647107369924282,0.30902028483933436
5478,MN,JACKSON,basement,2.5726122302071057,0.30902028483933436
5479,MN,JACKSON,basement,2.72785282839839,0.30902028483933436
5480,MN,KANABEC,basement,0.5877866649021191,-0.053386008903670616
5481,MN,KANABEC,basement,1.33500106673234,-0.053386008903670616
5482,MN,KANABEC,basement,2.066862759472976,-0.053386008903670616
5483,MN,KANABEC,basement,0.9555114450274363,-0.053386008903670616
5484,MN,KANDIYOHI,basement,2.424802725718295,0.1097329426515801
5485,MN,KANDIYOHI,basement,1.410986973710262,0.1097329426515801
5486,MN,KANDIYOHI,basement,2.509599262378372,0.1097329426515801
5487,MN,KANDIYOHI,basement,1.9021075263969205,0.1097329426515801
5488,MN,KITTSON,basement,1.9315214116032138,-0.007803367229841645
5489,MN,KITTSON,ground,1.5040773967762742,-0.007803367229841645
5490,MN,KITTSON,ground,-0.10536051565782628,-0.007803367229841645
5491,MN,KOOCHICHING,basement,0.5306282510621704,-0.8818289205065825
5492,MN,KOOCHICHING,basement,0.3364722366212129,-0.8818289205065825
5493,MN,KOOCHICHING,ground,0.6931471805599453,-0.8818289205065825
5494,MN,KOOCHICHING,ground,0.0,-0.8818289205065825
5495,MN,KOOCHICHING,basement,0.0,-0.8818289205065825
5496,MN,KOOCHICHING,ground,1.0296194171811581,-0.8818289205065825
5497,MN,KOOCHICHING,ground,0.26236426446749106,-0.8818289205065825
5498,MN,LAC QUI PARLE,ground,2.424802725718295,0.31102987875636656
5499,MN,LAC QUI PARLE,basement,2.772588722239781,0.31102987875636656
5500,MN,LAKE,ground,0.26236426446749106,-0.6915963836672911
5501,MN,LAKE,basement,0.26236426446749106,-0.6915963836672911
5502,MN,LAKE,basement,0.47000362924573563,-0.6915963836672911
5503,MN,LAKE,basement,-0.10536051565782628,-0.6915963836672911
5504,MN,LAKE,basement,1.0296194171811581,-0.6915963836672911
5505,MN,LAKE,basement,-0.6931471805599453,-0.6915963836672911
5506,MN,LAKE,basement,0.4054651081081644,-0.6915963836672911
5507,MN,LAKE,basement,1.9600947840472698,-0.6915963836672911
5508,MN,LAKE,basement,-0.6931471805599453,-0.6915963836672911
5509,MN,LAKE OF THE WOODS,basement,2.312535423847214,-0.6817088484191157
5510,MN,LAKE OF THE WOODS,ground,1.4586150226995167,-0.6817088484191157
5511,MN,LAKE OF THE WOODS,basement,1.1939224684724346,-0.6817088484191157
5512,MN,LAKE OF THE WOODS,ground,1.0647107369924282,-0.6817088484191157
5513,MN,LE SUEUR,basement,2.5257286443082556,0.19444773659179515
5514,MN,LE SUEUR,ground,1.4350845252893227,0.19444773659179515
5515,MN,LE SUEUR,basement,1.5040773967762742,0.19444773659179515
5516,MN,LE SUEUR,basement,1.3609765531356006,0.19444773659179515
5517,MN,LE SUEUR,basement,1.1939224684724346,0.19444773659179515
5518,MN,LINCOLN,basement,2.8622008809294686,0.444903746232023
5519,MN,LINCOLN,basement,2.3608540011180215,0.444903746232023
5520,MN,LINCOLN,basement,2.066862759472976,0.444903746232023
5521,MN,LINCOLN,ground,1.252762968495368,0.444903746232023
5522,MN,LYON,basement,1.8718021769015913,0.39473440617801014
5523,MN,LYON,ground,1.9315214116032138,0.39473440617801014
5524,MN,LYON,basement,1.62924053973028,0.39473440617801014
5525,MN,LYON,basement,2.4849066497880004,0.39473440617801014
5526,MN,LYON,basement,1.62924053973028,0.39473440617801014
5527,MN,LYON,basement,2.186051276738094,0.39473440617801014
5528,MN,LYON,basement,1.7578579175523736,0.39473440617801014
5529,MN,LYON,basement,1.5260563034950492,0.39473440617801014
5530,MN,MAHNOMEN,basement,1.3609765531356006,0.14960034272844025
5531,MN,MARSHALL,ground,0.4054651081081644,0.013764828575713341
5532,MN,MARSHALL,basement,3.169685580677429,0.013764828575713341
5533,MN,MARSHALL,ground,-0.10536051565782628,0.013764828575713341
5534,MN,MARSHALL,ground,0.3364722366212129,0.013764828575713341
5535,MN,MARSHALL,ground,0.09531017980432493,0.013764828575713341
5536,MN,MARSHALL,basement,1.0296194171811581,0.013764828575713341
5537,MN,MARSHALL,basement,3.8753590210565547,0.013764828575713341
5538,MN,MARSHALL,ground,-0.10536051565782628,0.013764828575713341
5539,MN,MARSHALL,basement,2.1162555148025524,0.013764828575713341
5540,MN,MARTIN,basement,1.410986973710262,0.16586183575526953
5541,MN,MARTIN,ground,-0.6931471805599453,0.16586183575526953
5542,MN,MARTIN,basement,1.9021075263969205,0.16586183575526953
5543,MN,MARTIN,basement,2.0149030205422647,0.16586183575526953
5544,MN,MARTIN,basement,2.2192034840549946,0.16586183575526953
5545,MN,MARTIN,basement,-0.6931471805599453,0.16586183575526953
5546,MN,MARTIN,basement,0.4054651081081644,0.16586183575526953
5547,MN,MCLEOD,basement,2.33214389523559,0.1404225936622486
5548,MN,MCLEOD,basement,1.3609765531356006,0.1404225936622486
5549,MN,MCLEOD,basement,0.5877866649021191,0.1404225936622486
5550,MN,MCLEOD,basement,2.2925347571405443,0.1404225936622486
5551,MN,MCLEOD,basement,0.8329091229351039,0.1404225936622486
5552,MN,MCLEOD,basement,1.4816045409242156,0.1404225936622486
5553,MN,MCLEOD,basement,1.0296194171811581,0.1404225936622486
5554,MN,MCLEOD,ground,0.09531017980432493,0.1404225936622486
5555,MN,MCLEOD,basement,0.1823215567939546,0.1404225936622486
5556,MN,MCLEOD,ground,0.47000362924573563,0.1404225936622486
5557,MN,MCLEOD,ground,3.2347491740244907,0.1404225936622486
5558,MN,MCLEOD,ground,-2.3025850929940455,0.1404225936622486
5559,MN,MCLEOD,basement,2.3608540011180215,0.1404225936622486
5560,MN,MEEKER,basement,0.8329091229351039,0.023950874155786547
5561,MN,MEEKER,basement,1.3609765531356006,0.023950874155786547
5562,MN,MEEKER,basement,1.9740810260220096,0.023950874155786547
5563,MN,MEEKER,basement,0.7419373447293773,0.023950874155786547
5564,MN,MEEKER,basement,1.1631508098056809,0.023950874155786547
5565,MN,MILLE LACS,ground,-0.6931471805599453,-0.21005952176628628
5566,MN,MILLE LACS,basement,1.7404661748405046,-0.21005952176628628
5567,MN,MORRISON,basement,0.3364722366212129,-0.09322665185692748
5568,MN,MORRISON,basement,0.7419373447293773,-0.09322665185692748
5569,MN,MORRISON,basement,1.4816045409242156,-0.09322665185692748
5570,MN,MORRISON,basement,0.8754687373538999,-0.09322665185692748
5571,MN,MORRISON,basement,1.589235205116581,-0.09322665185692748
5572,MN,MORRISON,ground,1.0986122886681098,-0.09322665185692748
5573,MN,MORRISON,basement,1.0986122886681098,-0.09322665185692748
5574,MN,MORRISON,basement,1.0296194171811581,-0.09322665185692748
5575,MN,MORRISON,basement,1.3609765531356006,-0.09322665185692748
5576,MN,MOWER,basement,2.388762789235098,0.26093247070906767
5577,MN,MOWER,basement,1.8562979903656263,0.26093247070906767
5578,MN,MOWER,basement,0.6931471805599453,0.26093247070906767
5579,MN,MOWER,basement,1.0986122886681098,0.26093247070906767
5580,MN,MOWER,basement,1.5040773967762742,0.26093247070906767
5581,MN,MOWER,basement,0.7419373447293773,0.26093247070906767
5582,MN,MOWER,basement,2.0794415416798357,0.26093247070906767
5583,MN,MOWER,ground,0.26236426446749106,0.26093247070906767
5584,MN,MOWER,basement,2.2192034840549946,0.26093247070906767
5585,MN,MOWER,ground,0.09531017980432493,0.26093247070906767
5586,MN,MOWER,basement,2.3608540011180215,0.26093247070906767
5587,MN,MOWER,basement,3.1780538303479458,0.26093247070906767
5588,MN,MOWER,basement,2.2082744135228043,0.26093247070906767
5589,MN,MURRAY,basement,2.4932054526026954,0.39884994273575514
5590,MN,NICOLLET,basement,2.0918640616783932,0.24804687341109097
5591,MN,NICOLLET,basement,2.379546134130174,0.24804687341109097
5592,MN,NICOLLET,basement,1.4350845252893227,0.24804687341109097
5593,MN,NICOLLET,basement,2.7536607123542622,0.24804687341109097
5594,MN,NOBLES,basement,1.6863989535702288,0.40545177468594146
5595,MN,NOBLES,basement,1.824549292051046,0.40545177468594146
5596,MN,NOBLES,basement,2.272125885509337,0.40545177468594146
5597,MN,NORMAN,basement,2.0918640616783932,0.265221716521598
5598,MN,NORMAN,basement,0.47000362924573563,0.265221716521598
5599,MN,NORMAN,ground,0.47000362924573563,0.265221716521598
5600,MN,OLMSTED,basement,1.8562979903656263,0.2431500793898401
5601,MN,OLMSTED,basement,1.4816045409242156,0.2431500793898401
5602,MN,OLMSTED,basement,2.4159137783010487,0.2431500793898401
5603,MN,OLMSTED,basement,2.302585092994046,0.2431500793898401
5604,MN,OLMSTED,basement,1.5040773967762742,0.2431500793898401
5605,MN,OLMSTED,basement,2.0794415416798357,0.2431500793898401
5606,MN,OLMSTED,basement,0.8329091229351039,0.2431500793898401
5607,MN,OLMSTED,basement,1.1631508098056809,0.2431500793898401
5608,MN,OLMSTED,basement,1.6094379124341003,0.2431500793898401
5609,MN,OLMSTED,basement,1.410986973710262,0.2431500793898401
5610,MN,OLMSTED,basement,0.09531017980432493,0.2431500793898401
5611,MN,OLMSTED,basement,0.6931471805599453,0.2431500793898401
5612,MN,OLMSTED,ground,0.09531017980432493,0.2431500793898401
5613,MN,OLMSTED,basement,1.0647107369924282,0.2431500793898401
5614,MN,OLMSTED,basement,0.7419373447293773,0.2431500793898401
5615,MN,OLMSTED,basement,2.0541237336955462,0.2431500793898401
5616,MN,OLMSTED,basement,1.33500106673234,0.2431500793898401
5617,MN,OLMSTED,basement,0.9162907318741551,0.2431500793898401
5618,MN,OLMSTED,basement,1.0647107369924282,0.2431500793898401
5619,MN,OLMSTED,ground,0.5306282510621704,0.2431500793898401
5620,MN,OLMSTED,basement,0.9162907318741551,0.2431500793898401
5621,MN,OLMSTED,basement,2.2407096892759584,0.2431500793898401
5622,MN,OLMSTED,ground,-0.5108256237659907,0.2431500793898401
5623,MN,OTTER TAIL,basement,0.9932517730102834,-0.20473036924229032
5624,MN,OTTER TAIL,ground,0.09531017980432493,-0.20473036924229032
5625,MN,OTTER TAIL,ground,0.7419373447293773,-0.20473036924229032
5626,MN,OTTER TAIL,basement,2.4849066497880004,-0.20473036924229032
5627,MN,OTTER TAIL,ground,2.533696813957432,-0.20473036924229032
5628,MN,OTTER TAIL,basement,1.1631508098056809,-0.20473036924229032
5629,MN,OTTER TAIL,basement,1.4350845252893227,-0.20473036924229032
5630,MN,OTTER TAIL,basement,1.33500106673234,-0.20473036924229032
5631,MN,PENNINGTON,ground,1.308332819650179,-0.07402766768590431
5632,MN,PENNINGTON,basement,1.7578579175523736,-0.07402766768590431
5633,MN,PENNINGTON,ground,-1.2039728043259361,-0.07402766768590431
5634,MN,PINE,basement,1.410986973710262,-0.16329216954729414
5635,MN,PINE,basement,1.0296194171811581,-0.16329216954729414
5636,MN,PINE,basement,0.6418538861723947,-0.16329216954729414
5637,MN,PINE,ground,0.1823215567939546,-0.16329216954729414
5638,MN,PINE,basement,0.1823215567939546,-0.16329216954729414
5639,MN,PINE,basement,0.4054651081081644,-0.16329216954729414
5640,MN,PIPESTONE,basement,2.2407096892759584,0.4786040394649064
5641,MN,PIPESTONE,basement,0.5306282510621704,0.4786040394649064
5642,MN,PIPESTONE,basement,2.4932054526026954,0.4786040394649064
5643,MN,PIPESTONE,ground,1.4586150226995167,0.4786040394649064
5644,MN,POLK,basement,1.9315214116032138,0.2661110825236379
5645,MN,POLK,ground,0.3364722366212129,0.2661110825236379
5646,MN,POLK,ground,0.9162907318741551,0.2661110825236379
5647,MN,POLK,basement,2.2617630984737906,0.2661110825236379
5648,MN,POPE,basement,1.33500106673234,0.2811482736007839
5649,MN,POPE,basement,1.2237754316221157,0.2811482736007839
5650,MN,RAMSEY,basement,1.916922612182061,-0.418053510614464
5651,MN,RAMSEY,basement,1.2809338454620642,-0.418053510614464
5652,MN,RAMSEY,basement,0.7884573603642703,-0.418053510614464
5653,MN,RAMSEY,basement,0.9555114450274363,-0.418053510614464
5654,MN,RAMSEY,basement,0.7419373447293773,-0.418053510614464
5655,MN,RAMSEY,basement,1.9459101490553132,-0.418053510614464
5656,MN,RAMSEY,basement,0.1823215567939546,-0.418053510614464
5657,MN,RAMSEY,basement,1.33500106673234,-0.418053510614464
5658,MN,RAMSEY,basement,1.252762968495368,-0.418053510614464
5659,MN,RAMSEY,basement,1.4350845252893227,-0.418053510614464
5660,MN,RAMSEY,ground,0.47000362924573563,-0.418053510614464
5661,MN,RAMSEY,ground,1.0296194171811581,-0.418053510614464
5662,MN,RAMSEY,basement,2.151762203259462,-0.418053510614464
5663,MN,RAMSEY,basement,1.824549292051046,-0.418053510614464
5664,MN,RAMSEY,basement,1.6486586255873816,-0.418053510614464
5665,MN,RAMSEY,basement,0.9932517730102834,-0.418053510614464
5666,MN,RAMSEY,basement,0.1823215567939546,-0.418053510614464
5667,MN,RAMSEY,basement,1.252762968495368,-0.418053510614464
5668,MN,RAMSEY,basement,1.7047480922384253,-0.418053510614464
5669,MN,RAMSEY,ground,2.312535423847214,-0.418053510614464
5670,MN,RAMSEY,basement,1.7047480922384253,-0.418053510614464
5671,MN,RAMSEY,basement,0.1823215567939546,-0.418053510614464
5672,MN,RAMSEY,basement,1.589235205116581,-0.418053510614464
5673,MN,RAMSEY,basement,1.3862943611198906,-0.418053510614464
5674,MN,RAMSEY,basement,1.252762968495368,-0.418053510614464
5675,MN,RAMSEY,basement,0.9162907318741551,-0.418053510614464
5676,MN,RAMSEY,basement,0.1823215567939546,-0.418053510614464
5677,MN,RAMSEY,basement,0.9932517730102834,-0.418053510614464
5678,MN,RAMSEY,basement,0.5306282510621704,-0.418053510614464
5679,MN,RAMSEY,basement,1.1314021114911006,-0.418053510614464
5680,MN,RAMSEY,basement,-0.35667494393873245,-0.418053510614464
5681,MN,RAMSEY,basement,0.0,-0.418053510614464
5682,MN,REDWOOD,basement,0.6418538861723947,0.36632225859009826
5683,MN,REDWOOD,basement,1.33500106673234,0.36632225859009826
5684,MN,REDWOOD,basement,2.186051276738094,0.36632225859009826
5685,MN,REDWOOD,basement,2.0014800002101243,0.36632225859009826
5686,MN,REDWOOD,ground,3.0301337002713233,0.36632225859009826
5687,MN,RENVILLE,basement,1.791759469228055,0.3805779766002149
5688,MN,RENVILLE,basement,0.7419373447293773,0.3805779766002149
5689,MN,RENVILLE,ground,1.7578579175523736,0.3805779766002149
5690,MN,RICE,basement,2.272125885509337,0.19314609287710252
5691,MN,RICE,basement,1.8562979903656263,0.19314609287710252
5692,MN,RICE,basement,1.5260563034950492,0.19314609287710252
5693,MN,RICE,basement,1.7227665977411035,0.19314609287710252
5694,MN,RICE,basement,2.9444389791664403,0.19314609287710252
5695,MN,RICE,ground,0.8754687373538999,0.19314609287710252
5696,MN,RICE,basement,1.0986122886681098,0.19314609287710252
5697,MN,RICE,basement,1.62924053973028,0.19314609287710252
5698,MN,RICE,basement,2.0412203288596382,0.19314609287710252
5699,MN,RICE,basement,2.0918640616783932,0.19314609287710252
5700,MN,RICE,basement,1.547562508716013,0.19314609287710252
5701,MN,ROCK,basement,2.128231705849268,0.5280248651920556
5702,MN,ROCK,basement,0.47000362924573563,0.5280248651920556
5703,MN,ROSEAU,ground,1.791759469228055,-0.21204536464817642
5704,MN,ROSEAU,ground,0.09531017980432493,-0.21204536464817642
5705,MN,ROSEAU,basement,2.4336133554004498,-0.21204536464817642
5706,MN,ROSEAU,ground,1.4586150226995167,-0.21204536464817642
5707,MN,ROSEAU,ground,1.2809338454620642,-0.21204536464817642
5708,MN,ROSEAU,basement,2.33214389523559,-0.21204536464817642
5709,MN,ROSEAU,ground,1.2237754316221157,-0.21204536464817642
5710,MN,ROSEAU,basement,1.1314021114911006,-0.21204536464817642
5711,MN,ROSEAU,basement,1.2809338454620642,-0.21204536464817642
5712,MN,ROSEAU,basement,0.9932517730102834,-0.21204536464817642
5713,MN,ROSEAU,basement,1.3862943611198906,-0.21204536464817642
5714,MN,ROSEAU,ground,0.1823215567939546,-0.21204536464817642
5715,MN,ROSEAU,ground,0.5306282510621704,-0.21204536464817642
5716,MN,ROSEAU,ground,1.4350845252893227,-0.21204536464817642
5717,MN,SCOTT,ground,2.9601050959108397,0.06311563431407531
5718,MN,SCOTT,ground,2.2082744135228043,0.06311563431407531
5719,MN,SCOTT,basement,0.6931471805599453,0.06311563431407531
5720,MN,SCOTT,basement,2.4336133554004498,0.06311563431407531
5721,MN,SCOTT,basement,2.322387720290225,0.06311563431407531
5722,MN,SCOTT,ground,0.7419373447293773,0.06311563431407531
5723,MN,SCOTT,basement,0.1823215567939546,0.06311563431407531
5724,MN,SCOTT,basement,1.1631508098056809,0.06311563431407531
5725,MN,SCOTT,ground,0.6931471805599453,0.06311563431407531
5726,MN,SCOTT,basement,1.4586150226995167,0.06311563431407531
5727,MN,SCOTT,basement,0.7884573603642703,0.06311563431407531
5728,MN,SCOTT,basement,1.6863989535702288,0.06311563431407531
5729,MN,SCOTT,basement,3.2268439945173775,0.06311563431407531
5730,MN,SHERBURNE,basement,1.62924053973028,-0.6834364823767883
5731,MN,SHERBURNE,basement,0.8329091229351039,-0.6834364823767883
5732,MN,SHERBURNE,basement,1.1631508098056809,-0.6834364823767883
5733,MN,SHERBURNE,basement,0.9162907318741551,-0.6834364823767883
5734,MN,SHERBURNE,basement,1.0296194171811581,-0.6834364823767883
5735,MN,SHERBURNE,basement,1.1314021114911006,-0.6834364823767883
5736,MN,SHERBURNE,basement,0.47000362924573563,-0.6834364823767883
5737,MN,SHERBURNE,basement,1.547562508716013,-0.6834364823767883
5738,MN,SIBLEY,basement,1.3862943611198906,0.23721212323308002
5739,MN,SIBLEY,basement,1.6094379124341003,0.23721212323308002
5740,MN,SIBLEY,basement,0.4054651081081644,0.23721212323308002
5741,MN,SIBLEY,basement,1.5686159179138452,0.23721212323308002
5742,MN,ST LOUIS,basement,-0.2231435513142097,-0.47467371715050316
5743,MN,ST LOUIS,ground,-0.6931471805599453,-0.47467371715050316
5744,MN,ST LOUIS,basement,0.8754687373538999,-0.47467371715050316
5745,MN,ST LOUIS,basement,0.8329091229351039,-0.47467371715050316
5746,MN,ST LOUIS,basement,1.5260563034950492,-0.47467371715050316
5747,MN,ST LOUIS,basement,2.3978952727983707,-0.47467371715050316
5748,MN,ST LOUIS,basement,2.7013612129514133,-0.47467371715050316
5749,MN,ST LOUIS,basement,2.151762203259462,-0.47467371715050316
5750,MN,ST LOUIS,basement,1.5040773967762742,-0.47467371715050316
5751,MN,ST LOUIS,basement,0.4054651081081644,-0.47467371715050316
5752,MN,ST LOUIS,basement,1.3609765531356006,-0.47467371715050316
5753,MN,ST LOUIS,basement,0.5877866649021191,-0.47467371715050316
5754,MN,ST LOUIS,basement,0.47000362924573563,-0.47467371715050316
5755,MN,ST LOUIS,basement,-0.6931471805599453,-0.47467371715050316
5756,MN,ST LOUIS,ground,-0.916290731874155,-0.47467371715050316
5757,MN,ST LOUIS,ground,-0.6931471805599453,-0.47467371715050316
5758,MN,ST LOUIS,basement,2.163323025660538,-0.47467371715050316
5759,MN,ST LOUIS,ground,0.47000362924573563,-0.47467371715050316
5760,MN,ST LOUIS,basement,0.3364722366212129,-0.47467371715050316
5761,MN,ST LOUIS,basement,2.163323025660538,-0.47467371715050316
5762,MN,ST LOUIS,basement,2.4069451083182885,-0.47467371715050316
5763,MN,ST LOUIS,basement,0.4054651081081644,-0.47467371715050316
5764,MN,ST LOUIS,basement,0.09531017980432493,-0.47467371715050316
5765,MN,ST LOUIS,ground,-0.10536051565782628,-0.47467371715050316
5766,MN,ST LOUIS,basement,-0.35667494393873245,-0.47467371715050316
5767,MN,ST LOUIS,basement,1.4350845252893227,-0.47467371715050316
5768,MN,ST LOUIS,basement,1.2237754316221157,-0.47467371715050316
5769,MN,ST LOUIS,ground,0.7419373447293773,-0.47467371715050316
5770,MN,ST LOUIS,basement,1.0647107369924282,-0.47467371715050316
5771,MN,ST LOUIS,basement,0.5877866649021191,-0.47467371715050316
5772,MN,ST LOUIS,basement,0.5877866649021191,-0.47467371715050316
5773,MN,ST LOUIS,basement,0.8754687373538999,-0.47467371715050316
5774,MN,ST LOUIS,basement,0.5306282510621704,-0.47467371715050316
5775,MN,ST LOUIS,ground,-0.2231435513142097,-0.47467371715050316
5776,MN,ST LOUIS,basement,2.4595888418037104,-0.47467371715050316
5777,MN,ST LOUIS,basement,0.5877866649021191,-0.47467371715050316
5778,MN,ST LOUIS,basement,1.0296194171811581,-0.47467371715050316
5779,MN,ST LOUIS,ground,1.252762968495368,-0.47467371715050316
5780,MN,ST LOUIS,basement,1.2809338454620642,-0.47467371715050316
5781,MN,ST LOUIS,basement,1.252762968495368,-0.47467371715050316
5782,MN,ST LOUIS,basement,1.0986122886681098,-0.47467371715050316
5783,MN,ST LOUIS,ground,1.1631508098056809,-0.47467371715050316
5784,MN,ST LOUIS,basement,1.1314021114911006,-0.47467371715050316
5785,MN,ST LOUIS,basement,1.1939224684724346,-0.47467371715050316
5786,MN,ST LOUIS,ground,0.5306282510621704,-0.47467371715050316
5787,MN,ST LOUIS,basement,1.7227665977411035,-0.47467371715050316
5788,MN,ST LOUIS,basement,1.2237754316221157,-0.47467371715050316
5789,MN,ST LOUIS,basement,0.4054651081081644,-0.47467371715050316
5790,MN,ST LOUIS,basement,3.4719664525503626,-0.47467371715050316
5791,MN,ST LOUIS,basement,0.09531017980432493,-0.47467371715050316
5792,MN,ST LOUIS,basement,0.7419373447293773,-0.47467371715050316
5793,MN,ST LOUIS,basement,-0.2231435513142097,-0.47467371715050316
5794,MN,ST LOUIS,basement,0.4054651081081644,-0.47467371715050316
5795,MN,ST LOUIS,basement,0.26236426446749106,-0.47467371715050316
5796,MN,ST LOUIS,basement,1.1314021114911006,-0.47467371715050316
5797,MN,ST LOUIS,basement,1.9740810260220096,-0.47467371715050316
5798,MN,ST LOUIS,basement,0.3364722366212129,-0.47467371715050316
5799,MN,ST LOUIS,basement,0.26236426446749106,-0.47467371715050316
5800,MN,ST LOUIS,basement,0.4054651081081644,-0.47467371715050316
5801,MN,ST LOUIS,basement,1.6094379124341003,-0.47467371715050316
5802,MN,ST LOUIS,basement,0.8329091229351039,-0.47467371715050316
5803,MN,ST LOUIS,basement,0.8754687373538999,-0.47467371715050316
5804,MN,ST LOUIS,basement,0.1823215567939546,-0.47467371715050316
5805,MN,ST LOUIS,basement,1.6863989535702288,-0.47467371715050316
5806,MN,ST LOUIS,basement,0.09531017980432493,-0.47467371715050316
5807,MN,ST LOUIS,basement,0.3364722366212129,-0.47467371715050316
5808,MN,ST LOUIS,ground,1.9740810260220096,-0.47467371715050316
5809,MN,ST LOUIS,basement,0.09531017980432493,-0.47467371715050316
5810,MN,ST LOUIS,basement,1.1939224684724346,-0.47467371715050316
5811,MN,ST LOUIS,basement,1.1631508098056809,-0.47467371715050316
5812,MN,ST LOUIS,basement,0.4054651081081644,-0.47467371715050316
5813,MN,ST LOUIS,basement,1.2809338454620642,-0.47467371715050316
5814,MN,ST LOUIS,basement,-0.2231435513142097,-0.47467371715050316
5815,MN,ST LOUIS,basement,0.47000362924573563,-0.47467371715050316
5816,MN,ST LOUIS,basement,0.3364722366212129,-0.47467371715050316
5817,MN,ST LOUIS,basement,0.9932517730102834,-0.47467371715050316
5818,MN,ST LOUIS,basement,1.1939224684724346,-0.47467371715050316
5819,MN,ST LOUIS,basement,-0.10536051565782628,-0.47467371715050316
5820,MN,ST LOUIS,basement,-0.5108256237659907,-0.47467371715050316
5821,MN,ST LOUIS,basement,0.6931471805599453,-0.47467371715050316
5822,MN,ST LOUIS,basement,0.6418538861723947,-0.47467371715050316
5823,MN,ST LOUIS,basement,-0.10536051565782628,-0.47467371715050316
5824,MN,ST LOUIS,basement,1.6863989535702288,-0.47467371715050316
5825,MN,ST LOUIS,basement,0.4054651081081644,-0.47467371715050316
5826,MN,ST LOUIS,basement,1.1314021114911006,-0.47467371715050316
5827,MN,ST LOUIS,basement,0.5877866649021191,-0.47467371715050316
5828,MN,ST LOUIS,ground,-0.10536051565782628,-0.47467371715050316
5829,MN,ST LOUIS,basement,1.1939224684724346,-0.47467371715050316
5830,MN,ST LOUIS,basement,0.5306282510621704,-0.47467371715050316
5831,MN,ST LOUIS,basement,1.1314021114911006,-0.47467371715050316
5832,MN,ST LOUIS,ground,-0.35667494393873245,-0.47467371715050316
5833,MN,ST LOUIS,basement,1.4586150226995167,-0.47467371715050316
5834,MN,ST LOUIS,basement,0.3364722366212129,-0.47467371715050316
5835,MN,ST LOUIS,basement,0.5877866649021191,-0.47467371715050316
5836,MN,ST LOUIS,basement,0.4054651081081644,-0.47467371715050316
5837,MN,ST LOUIS,ground,0.7884573603642703,-0.47467371715050316
5838,MN,ST LOUIS,basement,0.8754687373538999,-0.47467371715050316
5839,MN,ST LOUIS,basement,0.9932517730102834,-0.47467371715050316
5840,MN,ST LOUIS,basement,0.5306282510621704,-0.47467371715050316
5841,MN,ST LOUIS,ground,0.09531017980432493,-0.47467371715050316
5842,MN,ST LOUIS,ground,0.5877866649021191,-0.47467371715050316
5843,MN,ST LOUIS,basement,-1.6094379124341003,-0.47467371715050316
5844,MN,ST LOUIS,basement,0.7884573603642703,-0.47467371715050316
5845,MN,ST LOUIS,basement,1.5260563034950492,-0.47467371715050316
5846,MN,ST LOUIS,basement,0.7419373447293773,-0.47467371715050316
5847,MN,ST LOUIS,basement,0.6931471805599453,-0.47467371715050316
5848,MN,ST LOUIS,basement,-0.35667494393873245,-0.47467371715050316
5849,MN,ST LOUIS,basement,1.8562979903656263,-0.47467371715050316
5850,MN,ST LOUIS,basement,1.0986122886681098,-0.47467371715050316
5851,MN,ST LOUIS,basement,0.6931471805599453,-0.47467371715050316
5852,MN,ST LOUIS,basement,-0.10536051565782628,-0.47467371715050316
5853,MN,ST LOUIS,basement,1.1939224684724346,-0.47467371715050316
5854,MN,ST LOUIS,basement,0.5877866649021191,-0.47467371715050316
5855,MN,ST LOUIS,basement,0.5877866649021191,-0.47467371715050316
5856,MN,ST LOUIS,basement,0.7884573603642703,-0.47467371715050316
5857,MN,ST LOUIS,basement,1.4586150226995167,-0.47467371715050316
5858,MN,STEARNS,basement,2.0149030205422647,0.11639540667778776
5859,MN,STEARNS,basement,1.8562979903656263,0.11639540667778776
5860,MN,STEARNS,basement,2.1162555148025524,0.11639540667778776
5861,MN,STEARNS,basement,0.7419373447293773,0.11639540667778776
5862,MN,STEARNS,basement,1.1939224684724346,0.11639540667778776
5863,MN,STEARNS,basement,0.26236426446749106,0.11639540667778776
5864,MN,STEARNS,basement,1.6094379124341003,0.11639540667778776
5865,MN,STEARNS,ground,0.0,0.11639540667778776
5866,MN,STEARNS,basement,1.9459101490553132,0.11639540667778776
5867,MN,STEARNS,basement,1.7404661748405046,0.11639540667778776
5868,MN,STEARNS,basement,2.312535423847214,0.11639540667778776
5869,MN,STEARNS,basement,1.8870696490323797,0.11639540667778776
5870,MN,STEARNS,ground,0.9555114450274363,0.11639540667778776
5871,MN,STEARNS,basement,1.1939224684724346,0.11639540667778776
5872,MN,STEARNS,ground,0.4054651081081644,0.11639540667778776
5873,MN,STEARNS,basement,1.6094379124341003,0.11639540667778776
5874,MN,STEARNS,basement,2.0014800002101243,0.11639540667778776
5875,MN,STEARNS,basement,2.6741486494265287,0.11639540667778776
5876,MN,STEARNS,basement,0.5877866649021191,0.11639540667778776
5877,MN,STEARNS,basement,2.0014800002101243,0.11639540667778776
5878,MN,STEARNS,basement,0.9555114450274363,0.11639540667778776
5879,MN,STEARNS,basement,1.308332819650179,0.11639540667778776
5880,MN,STEARNS,basement,0.6418538861723947,0.11639540667778776
5881,MN,STEARNS,ground,0.7884573603642703,0.11639540667778776
5882,MN,STEARNS,basement,1.6094379124341003,0.11639540667778776
5883,MN,STEELE,basement,1.9878743481543455,0.2698057386604077
5884,MN,STEELE,basement,1.308332819650179,0.2698057386604077
5885,MN,STEELE,basement,1.0647107369924282,0.2698057386604077
5886,MN,STEELE,basement,1.4816045409242156,0.2698057386604077
5887,MN,STEELE,basement,2.128231705849268,0.2698057386604077
5888,MN,STEELE,basement,1.62924053973028,0.2698057386604077
5889,MN,STEELE,basement,1.2809338454620642,0.2698057386604077
5890,MN,STEELE,basement,0.4054651081081644,0.2698057386604077
5891,MN,STEELE,basement,2.151762203259462,0.2698057386604077
5892,MN,STEELE,basement,2.3608540011180215,0.2698057386604077
5893,MN,STEVENS,basement,2.0794415416798357,0.47077832908830686
5894,MN,STEVENS,basement,1.5040773967762742,0.47077832908830686
5895,MN,SWIFT,basement,1.0986122886681098,0.31602897559162796
5896,MN,SWIFT,basement,0.8754687373538999,0.31602897559162796
5897,MN,SWIFT,basement,0.4054651081081644,0.31602897559162796
5898,MN,SWIFT,basement,1.5686159179138452,0.31602897559162796
5899,MN,TODD,basement,1.916922612182061,-0.04684006684581817
5900,MN,TODD,basement,0.7419373447293773,-0.04684006684581817
5901,MN,TODD,ground,1.791759469228055,-0.04684006684581817
5902,MN,TRAVERSE,ground,1.0647107369924282,0.49759447691684777
5903,MN,TRAVERSE,basement,1.9021075263969205,0.49759447691684777
5904,MN,TRAVERSE,basement,2.9601050959108397,0.49759447691684777
5905,MN,TRAVERSE,basement,1.3862943611198906,0.49759447691684777
5906,MN,WABASHA,basement,1.7749523509116738,0.15008241565130426
5907,MN,WABASHA,basement,2.1972245773362196,0.15008241565130426
5908,MN,WABASHA,basement,2.128231705849268,0.15008241565130426
5909,MN,WABASHA,ground,0.09531017980432493,0.15008241565130426
5910,MN,WABASHA,basement,1.1314021114911006,0.15008241565130426
5911,MN,WABASHA,basement,2.4423470353692043,0.15008241565130426
5912,MN,WABASHA,basement,2.2617630984737906,0.15008241565130426
5913,MN,WADENA,basement,1.0647107369924282,-0.6720297317460263
5914,MN,WADENA,ground,-0.35667494393873245,-0.6720297317460263
5915,MN,WADENA,ground,1.1631508098056809,-0.6720297317460263
5916,MN,WADENA,basement,1.547562508716013,-0.6720297317460263
5917,MN,WADENA,basement,1.5686159179138452,-0.6720297317460263
5918,MN,WASECA,basement,-0.916290731874155,0.21241419710112402
5919,MN,WASECA,basement,2.2300144001592104,0.21241419710112402
5920,MN,WASECA,basement,0.5306282510621704,0.21241419710112402
5921,MN,WASECA,ground,-0.10536051565782628,0.21241419710112402
5922,MN,WASHINGTON,basement,2.322387720290225,-0.14748428304275582
5923,MN,WASHINGTON,basement,2.0412203288596382,-0.14748428304275582
5924,MN,WASHINGTON,basement,0.7884573603642703,-0.14748428304275582
5925,MN,WASHINGTON,basement,1.8718021769015913,-0.14748428304275582
5926,MN,WASHINGTON,basement,2.501435951739211,-0.14748428304275582
5927,MN,WASHINGTON,basement,1.5260563034950492,-0.14748428304275582
5928,MN,WASHINGTON,basement,1.824549292051046,-0.14748428304275582
5929,MN,WASHINGTON,basement,1.8718021769015913,-0.14748428304275582
5930,MN,WASHINGTON,basement,1.0296194171811581,-0.14748428304275582
5931,MN,WASHINGTON,basement,0.6418538861723947,-0.14748428304275582
5932,MN,WASHINGTON,ground,0.1823215567939546,-0.14748428304275582
5933,MN,WASHINGTON,basement,0.8754687373538999,-0.14748428304275582
5934,MN,WASHINGTON,basement,0.0,-0.14748428304275582
5935,MN,WASHINGTON,ground,0.1823215567939546,-0.14748428304275582
5936,MN,WASHINGTON,basement,0.47000362924573563,-0.14748428304275582
5937,MN,WASHINGTON,basement,-0.2231435513142097,-0.14748428304275582
5938,MN,WASHINGTON,basement,0.5306282510621704,-0.14748428304275582
5939,MN,WASHINGTON,basement,1.547562508716013,-0.14748428304275582
5940,MN,WASHINGTON,ground,0.5306282510621704,-0.14748428304275582
5941,MN,WASHINGTON,basement,1.1939224684724346,-0.14748428304275582
5942,MN,WASHINGTON,ground,-0.2231435513142097,-0.14748428304275582
5943,MN,WASHINGTON,basement,2.2823823856765264,-0.14748428304275582
5944,MN,WASHINGTON,basement,1.667706820558076,-0.14748428304275582
5945,MN,WASHINGTON,basement,2.1400661634962708,-0.14748428304275582
5946,MN,WASHINGTON,basement,0.6418538861723947,-0.14748428304275582
5947,MN,WASHINGTON,basement,1.8870696490323797,-0.14748428304275582
5948,MN,WASHINGTON,basement,1.33500106673234,-0.14748428304275582
5949,MN,WASHINGTON,basement,1.7749523509116738,-0.14748428304275582
5950,MN,WASHINGTON,basement,1.589235205116581,-0.14748428304275582
5951,MN,WASHINGTON,ground,0.9162907318741551,-0.14748428304275582
5952,MN,WASHINGTON,basement,2.3702437414678603,-0.14748428304275582
5953,MN,WASHINGTON,basement,0.8754687373538999,-0.14748428304275582
5954,MN,WASHINGTON,basement,0.7419373447293773,-0.14748428304275582
5955,MN,WASHINGTON,basement,1.547562508716013,-0.14748428304275582
5956,MN,WASHINGTON,basement,1.308332819650179,-0.14748428304275582
5957,MN,WASHINGTON,basement,2.5952547069568657,-0.14748428304275582
5958,MN,WASHINGTON,basement,1.0647107369924282,-0.14748428304275582
5959,MN,WASHINGTON,basement,1.4586150226995167,-0.14748428304275582
5960,MN,WASHINGTON,basement,1.33500106673234,-0.14748428304275582
5961,MN,WASHINGTON,basement,0.5877866649021191,-0.14748428304275582
5962,MN,WASHINGTON,basement,0.4054651081081644,-0.14748428304275582
5963,MN,WASHINGTON,basement,0.5877866649021191,-0.14748428304275582
5964,MN,WASHINGTON,basement,0.26236426446749106,-0.14748428304275582
5965,MN,WASHINGTON,basement,1.8870696490323797,-0.14748428304275582
5966,MN,WASHINGTON,basement,3.0155349008501706,-0.14748428304275582
5967,MN,WASHINGTON,basement,1.791759469228055,-0.14748428304275582
5968,MN,WATONWAN,basement,2.624668592163159,0.1832378035783076
5969,MN,WATONWAN,ground,2.322387720290225,0.1832378035783076
5970,MN,WATONWAN,ground,1.7404661748405046,0.1832378035783076
5971,MN,WILKIN,basement,2.2300144001592104,0.2360360842961474
5972,MN,WINONA,basement,1.2237754316221157,0.46321186735752345
5973,MN,WINONA,basement,1.410986973710262,0.46321186735752345
5974,MN,WINONA,basement,2.451005098112319,0.46321186735752345
5975,MN,WINONA,basement,1.9740810260220096,0.46321186735752345
5976,MN,WINONA,basement,1.547562508716013,0.46321186735752345
5977,MN,WINONA,ground,0.5877866649021191,0.46321186735752345
5978,MN,WINONA,ground,-0.35667494393873245,0.46321186735752345
5979,MN,WINONA,basement,1.547562508716013,0.46321186735752345
5980,MN,WINONA,basement,2.322387720290225,0.46321186735752345
5981,MN,WINONA,basement,2.424802725718295,0.46321186735752345
5982,MN,WINONA,basement,2.028148247292285,0.46321186735752345
5983,MN,WINONA,basement,2.468099531471619,0.46321186735752345
5984,MN,WINONA,ground,-0.6931471805599453,0.46321186735752345
5985,MN,WRIGHT,basement,1.9021075263969205,-0.09002427484788668
5986,MN,WRIGHT,basement,1.667706820558076,-0.09002427484788668
5987,MN,WRIGHT,basement,1.1314021114911006,-0.09002427484788668
5988,MN,WRIGHT,basement,0.7419373447293773,-0.09002427484788668
5989,MN,WRIGHT,basement,1.9878743481543455,-0.09002427484788668
5990,MN,WRIGHT,basement,1.62924053973028,-0.09002427484788668
5991,MN,WRIGHT,basement,0.7884573603642703,-0.09002427484788668
5992,MN,WRIGHT,ground,0.8329091229351039,-0.09002427484788668
5993,MN,WRIGHT,basement,2.766319109226186,-0.09002427484788668
5994,MN,WRIGHT,basement,2.2512917986064953,-0.09002427484788668
5995,MN,WRIGHT,basement,1.8562979903656263,-0.09002427484788668
5996,MN,WRIGHT,basement,1.5040773967762742,-0.09002427484788668
5997,MN,WRIGHT,basement,1.6094379124341003,-0.09002427484788668
5998,MN,YELLOW MEDICINE,basement,1.308332819650179,0.35528698116388363
5999,MN,YELLOW MEDICINE,basement,1.0647107369924282,0.35528698116388363
