IP address,version,bought
135.185.92.4,B,0
14.75.235.1,A,0
50.132.244.139,B,0
144.181.130.234,A,0
90.92.5.100,B,1
49.37.115.132,A,0
174.154.159.155,B,0
208.187.70.50,B,0
140.231.133.108,B,1
214.123.78.100,B,0
93.40.170.42,A,0
36.183.134.254,A,0
166.161.137.80,A,0
91.21.97.10,A,0
188.172.141.0,A,0
25.145.210.240,B,0
138.37.45.251,B,0
166.128.150.4,B,0
113.185.54.84,A,0
166.62.150.91,B,0
97.19.197.173,B,0
134.178.115.198,A,0
7.170.32.71,B,0
93.22.134.151,A,0
211.213.100.42,B,0
15.231.110.149,B,0
43.190.116.137,B,0
215.214.22.8,A,0
93.210.147.128,A,0
39.70.44.234,B,0
144.211.248.188,B,0
207.206.19.71,B,0
57.209.176.10,A,0
42.242.105.45,B,0
25.163.62.226,B,1
34.230.161.235,A,0
83.235.253.254,B,0
154.235.35.103,B,0
68.65.2.191,B,0
30.112.124.126,B,0
129.8.10.53,B,0
108.101.148.142,A,0
72.22.125.140,A,0
108.146.205.151,B,0
211.151.83.176,A,0
103.224.240.216,B,0
210.44.220.73,B,0
20.230.255.62,B,0
88.158.232.181,A,0
146.139.158.195,A,0
200.40.65.36,B,0
150.210.73.100,A,1
202.107.215.64,A,0
122.138.28.47,A,0
81.250.121.60,B,0
141.122.51.237,B,0
82.206.191.58,B,0
10.44.152.127,A,0
197.11.119.203,B,0
3.57.96.109,A,0
146.69.25.245,A,0
155.120.210.152,B,0
172.127.240.6,B,0
215.40.10.8,A,0
111.85.83.22,B,0
169.29.162.61,A,0
9.157.170.93,B,0
123.188.29.29,A,0
148.193.33.94,B,0
43.249.24.114,A,0
26.157.14.32,A,0
194.96.224.28,A,0
156.200.184.204,B,0
34.155.200.45,B,0
210.255.93.75,B,0
55.126.51.2,A,0
27.191.78.152,A,0
80.196.199.241,A,0
124.231.229.8,B,0
42.231.197.167,B,0
105.181.195.107,B,0
133.211.62.43,A,0
221.243.97.241,A,0
72.246.207.23,B,0
143.179.17.93,B,0
4.68.37.150,A,0
124.151.251.37,A,1
113.241.227.97,B,0
156.108.177.41,A,0
92.199.36.128,A,0
57.245.168.57,B,0
150.165.16.209,A,0
179.78.83.223,A,0
144.137.160.60,A,0
93.117.4.92,B,0
215.18.198.226,A,0
3.55.84.198,A,0
92.11.4.52,B,0
76.46.99.121,B,0
159.145.193.252,A,0
81.250.247.226,A,0
30.127.142.174,B,1
91.61.193.105,B,0
78.108.254.235,B,0
143.153.119.100,B,0
89.148.187.82,B,0
40.185.49.97,B,0
142.185.92.195,A,0
106.250.57.113,B,0
191.71.116.100,A,0
89.181.181.58,B,0
18.15.95.117,B,0
128.32.245.98,B,0
178.175.140.228,A,0
125.241.246.75,A,0
110.89.176.154,A,0
123.183.228.209,A,0
33.100.61.117,A,0
75.15.225.16,B,0
33.53.243.195,B,0
123.235.8.62,A,0
206.169.111.194,B,0
114.226.125.137,A,0
185.189.154.141,A,0
68.163.90.62,A,0
69.162.210.0,A,0
9.2.64.3,A,0
194.95.236.196,A,0
167.222.64.169,A,0
53.139.254.84,A,0
126.76.3.239,B,1
67.143.243.193,B,0
75.131.67.0,A,0
85.128.159.92,A,0
24.16.227.171,B,0
190.239.235.63,A,0
77.92.63.191,B,0
74.244.135.37,A,0
125.139.148.2,A,0
45.116.42.163,A,0
4.146.174.240,A,0
95.16.203.154,A,0
114.212.66.68,A,0
99.16.232.99,B,0
105.27.63.18,B,0
163.0.13.229,A,0
114.160.189.6,A,0
154.153.148.189,B,0
102.74.52.173,B,0
197.191.184.110,B,0
44.28.185.232,A,0
41.185.150.210,B,0
140.99.209.220,A,0
209.84.86.70,B,0
147.173.85.41,B,0
171.179.223.202,A,0
18.27.159.65,B,0
153.237.17.60,B,0
8.99.89.132,B,0
222.74.46.179,A,0
145.213.44.90,B,0
222.105.91.245,B,0
220.107.43.80,A,0
186.23.190.179,A,0
72.122.67.10,A,0
171.149.196.97,B,0
110.71.74.158,A,0
143.43.180.91,A,0
211.14.93.168,B,0
187.46.157.87,A,0
158.170.58.75,B,0
38.243.51.215,B,0
15.185.188.7,A,0
65.125.40.36,A,0
207.220.3.226,A,0
111.203.204.185,B,0
212.211.234.105,A,0
205.5.113.60,A,0
165.66.7.168,A,0
63.54.96.16,B,0
57.167.170.2,A,0
204.40.63.231,A,0
163.59.42.179,A,0
44.32.176.80,A,0
72.117.171.87,A,0
130.49.174.217,B,0
178.96.75.84,A,0
53.219.245.210,B,0
206.245.147.23,A,0
14.128.104.187,A,0
18.50.158.98,B,0
86.155.147.185,A,0
162.127.176.87,A,0
97.53.225.54,B,0
216.190.32.206,B,0
15.230.142.64,B,0
52.254.171.112,B,1
34.38.13.77,A,0
49.178.53.135,A,0
133.87.157.87,B,0
18.132.161.155,A,0
34.50.193.153,A,1
11.103.78.159,B,0
57.226.68.245,B,0
201.13.213.4,A,0
201.66.185.248,A,0
107.231.160.89,A,0
160.113.55.211,A,0
111.104.216.225,B,0
148.62.143.170,B,0
217.239.119.184,A,0
91.187.183.213,B,0
72.190.249.106,A,0
213.162.71.139,A,0
169.227.173.231,A,0
199.17.13.150,B,0
125.4.60.101,A,1
145.140.132.48,A,0
121.30.61.163,B,0
3.117.110.121,A,0
151.117.8.29,A,0
166.177.194.126,A,0
50.120.54.56,A,0
31.34.124.251,A,0
26.230.247.188,B,0
17.212.99.114,B,0
11.208.238.26,A,0
55.1.157.5,A,0
18.53.58.8,A,0
157.31.90.52,A,0
20.200.148.121,B,0
216.105.247.137,B,0
221.197.22.188,B,0
59.203.131.246,A,0
135.58.135.54,A,0
71.77.220.66,A,0
101.175.170.17,A,0
180.239.232.164,A,0
162.75.233.180,B,0
152.206.251.46,A,0
207.243.179.136,A,0
47.117.145.182,B,0
212.254.93.78,B,0
31.219.172.75,A,0
128.240.137.95,A,0
4.227.250.156,A,0
136.66.68.182,A,0
168.211.226.91,A,0
8.184.185.135,A,0
9.119.234.158,B,0
193.40.195.105,B,0
3.66.139.222,A,0
6.162.211.135,B,1
187.10.185.13,B,0
207.119.164.26,B,0
215.176.184.204,A,0
97.108.159.111,A,0
60.0.136.245,B,0
111.164.45.76,B,1
30.69.237.173,B,0
23.62.32.68,A,1
190.82.5.172,A,1
65.177.212.109,B,0
20.212.48.122,B,0
151.150.209.169,B,0
32.87.156.188,B,1
21.254.205.11,A,0
26.1.136.14,A,0
168.234.61.10,A,0
182.11.171.46,B,1
217.149.239.182,B,1
78.129.41.209,A,0
29.164.78.215,A,0
52.13.136.232,A,0
1.62.133.164,A,0
142.58.168.107,B,0
16.189.6.62,B,0
107.23.156.16,A,0
195.144.82.141,B,0
32.86.194.224,A,0
37.141.24.22,A,0
131.108.65.237,A,0
46.9.165.248,A,0
153.134.130.107,B,0
38.144.69.246,A,0
53.185.99.149,B,0
65.128.63.107,A,0
222.47.55.81,B,0
124.109.199.69,A,0
84.77.169.149,B,0
180.127.102.136,A,0
76.153.164.10,B,0
39.45.85.211,A,0
3.254.111.190,B,0
37.184.160.253,B,0
4.8.25.233,A,0
16.116.138.157,B,0
135.21.164.66,A,0
103.55.23.60,B,0
63.10.209.245,A,0
131.106.164.70,A,0
176.125.189.169,A,0
102.146.140.85,A,0
217.223.87.225,B,0
55.213.20.200,B,0
146.208.247.154,B,0
45.95.196.10,B,0
210.18.230.167,B,0
59.131.20.209,A,0
178.175.151.28,A,0
101.211.109.207,B,0
140.114.145.120,A,0
19.162.129.84,B,0
128.5.40.99,B,0
41.43.139.155,B,0
139.70.209.181,A,0
84.246.238.55,A,0
108.137.229.118,A,0
162.21.80.150,A,0
180.58.76.223,A,1
99.240.83.125,A,0
197.228.58.39,A,0
174.16.241.151,B,0
55.150.66.116,B,0
205.198.85.59,A,0
207.45.246.32,B,0
142.117.120.188,A,0
52.181.140.200,B,0
174.250.209.207,A,0
58.15.241.235,A,0
96.223.77.226,B,0
146.255.207.2,B,0
84.119.215.145,B,0
213.110.28.240,A,0
172.193.91.9,B,0
214.186.14.18,A,0
118.244.178.52,A,0
189.224.26.210,A,0
148.178.165.173,A,0
66.161.227.152,B,0
186.95.39.28,A,1
219.248.178.29,B,0
45.236.47.219,A,0
21.92.90.64,A,0
187.63.56.19,B,1
93.37.91.53,B,0
117.70.133.89,A,0
180.10.115.193,B,0
146.138.197.186,A,0
187.25.240.119,B,0
136.152.184.65,B,0
220.118.220.124,B,0
32.54.184.51,A,0
125.23.8.168,A,0
9.214.75.147,B,0
69.112.235.13,B,0
99.163.212.188,B,0
7.60.243.21,A,0
139.217.172.202,B,0
100.162.223.130,A,0
110.150.132.112,A,1
134.206.40.217,B,0
36.154.254.177,A,0
113.14.200.117,B,0
94.229.175.126,A,0
141.250.62.75,B,0
21.168.150.19,B,0
30.53.110.187,A,0
14.15.208.147,B,0
150.180.168.170,B,0
5.172.181.139,B,0
167.43.147.255,A,0
115.123.39.191,A,0
92.161.165.75,B,1
72.184.26.53,A,0
198.199.184.91,A,0
73.115.79.183,B,0
59.179.255.170,A,0
174.201.40.16,B,0
23.92.124.215,B,0
5.157.124.228,B,0
215.24.170.75,B,0
14.88.147.194,A,0
97.114.244.162,B,0
108.179.185.244,A,0
180.27.158.7,B,0
194.149.253.146,B,0
51.91.201.233,B,0
85.72.168.33,B,0
21.167.128.23,B,0
108.32.214.8,A,0
178.172.234.49,A,0
168.222.111.53,A,0
102.201.252.63,A,0
7.49.161.208,B,0
128.199.254.5,B,0
75.88.47.52,A,0
57.114.239.105,B,1
40.122.208.109,B,0
123.110.234.19,B,0
73.119.186.183,A,0
189.206.52.104,A,0
55.242.158.209,A,0
4.30.14.45,A,0
20.238.182.69,B,0
126.180.220.72,B,0
58.60.182.169,A,0
211.3.70.66,B,0
21.117.49.211,B,1
129.135.119.34,B,0
11.154.190.215,B,0
11.111.135.106,A,0
198.77.215.199,B,0
93.66.66.248,A,0
18.40.38.178,B,0
74.40.48.32,A,0
132.30.105.66,B,0
210.69.104.110,A,0
60.115.154.33,B,0
183.197.230.112,B,0
61.20.243.67,A,0
102.193.96.170,A,0
216.3.65.129,B,1
180.101.212.238,A,0
137.212.98.68,B,0
119.214.245.44,B,0
164.167.143.12,A,0
155.149.108.191,A,0
141.55.150.227,B,0
198.243.51.212,A,0
152.18.172.100,A,0
165.27.154.24,A,0
189.101.47.71,A,0
85.217.75.152,B,0
174.182.69.212,A,0
30.165.85.106,A,0
95.65.137.135,A,0
90.173.244.52,A,0
66.14.181.65,B,0
174.44.246.94,B,0
65.7.253.143,A,0
33.39.129.108,A,0
125.218.7.15,A,0
20.106.152.93,A,0
61.56.155.79,A,0
149.55.111.5,B,0
143.135.121.189,A,0
40.24.9.44,A,0
158.90.179.119,B,0
82.240.187.10,B,0
129.11.123.12,A,0
33.4.45.150,A,1
63.73.56.61,A,0
82.66.243.56,A,0
93.166.217.188,A,0
213.46.91.114,B,0
79.92.19.85,B,0
121.1.209.138,A,0
64.33.251.201,A,0
16.61.165.253,B,0
18.241.155.69,A,0
186.198.199.194,B,0
131.169.101.99,A,0
196.40.226.28,B,0
46.223.213.135,B,0
135.179.135.11,B,0
139.238.236.87,B,0
126.94.43.177,A,0
182.208.198.70,A,0
89.72.175.154,A,0
93.151.89.84,A,0
213.60.24.92,A,0
47.25.143.83,A,0
158.27.218.245,B,0
30.132.50.101,A,0
138.203.156.186,A,0
216.67.47.168,B,0
42.180.56.240,B,0
110.202.200.230,A,0
218.48.46.75,B,0
137.31.43.228,A,0
14.42.129.101,B,0
186.90.12.125,B,0
12.162.103.10,A,0
53.224.56.8,B,0
142.20.84.150,B,0
27.230.147.199,A,0
58.250.27.103,A,0
91.139.107.125,B,0
68.199.187.100,A,0
73.126.135.186,B,0
40.238.12.57,A,0
210.9.240.171,A,0
19.91.161.169,B,0
93.159.142.122,A,0
189.78.244.99,B,0
131.163.76.11,A,0
22.189.35.190,B,0
192.227.15.24,B,1
55.139.151.230,B,0
146.122.254.112,B,0
90.222.208.184,B,0
163.28.53.173,A,0
37.166.170.91,B,0
12.132.86.92,B,0
134.219.135.150,A,0
61.52.100.108,A,0
116.247.248.35,B,0
48.106.21.176,B,0
189.8.41.150,A,0
35.254.183.92,A,1
135.215.173.213,B,0
5.178.183.53,A,0
136.152.218.144,A,0
210.150.211.201,B,0
31.113.174.152,A,0
114.30.68.37,B,0
150.178.141.193,A,0
136.192.175.212,A,0
86.241.250.255,A,0
198.159.242.55,B,0
93.208.214.43,A,0
165.2.78.190,A,0
218.222.34.95,A,1
166.151.245.120,A,0
121.42.134.0,B,0
197.144.58.30,A,0
63.213.32.106,B,0
105.223.121.221,A,0
189.234.151.72,A,0
208.232.178.47,A,0
63.157.138.207,A,0
132.28.216.226,A,0
138.105.202.55,A,0
61.178.119.19,A,0
144.91.106.204,B,0
107.164.224.37,B,0
201.237.98.155,B,0
203.125.13.24,B,0
164.147.177.240,A,0
168.102.227.141,B,0
194.28.52.91,A,0
63.229.142.239,A,0
185.85.71.173,B,0
199.103.222.252,A,0
116.229.72.178,B,0
155.202.12.54,A,0
14.195.48.0,A,0
66.7.239.131,B,0
80.157.49.68,B,0
222.92.51.100,A,0
79.150.74.111,B,0
139.32.235.112,A,0
90.177.29.126,B,0
181.58.47.239,A,0
18.156.62.0,A,0
29.165.149.148,A,0
136.140.69.84,A,0
162.58.251.66,A,0
47.155.232.130,A,0
130.251.196.251,A,0
144.195.34.217,B,0
209.112.42.83,B,0
45.131.74.183,A,0
119.48.48.53,B,0
155.180.232.4,B,0
77.113.178.142,A,0
63.158.50.73,B,0
191.62.95.79,B,0
27.150.175.182,B,0
118.210.129.6,A,0
10.156.230.178,B,0
72.62.137.244,B,1
84.165.241.221,A,1
59.144.200.194,A,0
33.56.120.146,A,0
20.156.54.229,A,1
47.121.56.184,B,0
96.60.176.91,A,1
94.198.162.92,B,0
129.15.159.12,A,0
82.227.151.208,A,0
143.86.15.141,B,0
50.154.201.239,B,0
132.236.98.232,A,0
118.47.134.237,A,0
120.66.222.101,A,0
183.13.195.154,A,0
55.149.207.107,B,0
146.116.75.235,B,0
94.16.185.26,A,0
178.249.240.234,A,0
160.62.124.177,A,0
164.97.236.139,A,0
99.95.207.230,A,0
188.135.123.48,B,0
218.86.57.246,A,0
203.80.20.113,B,0
3.25.19.125,A,0
16.218.20.246,B,0
43.29.197.105,B,0
121.200.204.18,A,0
217.220.97.18,B,0
85.22.159.105,B,0
177.43.119.36,A,0
134.181.207.28,B,0
55.127.199.239,A,0
192.137.119.46,B,0
207.68.15.129,B,0
189.122.51.119,B,0
222.31.110.201,B,0
25.131.72.110,A,0
28.154.142.199,B,0
158.15.161.109,A,0
60.59.42.86,B,0
185.54.58.158,B,0
116.47.63.216,A,0
153.214.66.102,B,0
170.34.215.200,B,0
139.76.142.4,A,0
204.76.13.57,B,0
48.104.186.92,A,0
166.220.64.64,A,0
216.243.77.56,A,0
147.246.143.231,B,0
27.239.163.14,B,0
57.35.25.122,A,0
73.125.74.33,A,0
11.30.145.246,B,0
69.174.159.98,A,0
97.36.21.113,B,0
130.97.222.136,B,0
144.148.240.142,A,0
222.59.142.171,A,0
161.39.153.109,B,0
92.146.128.142,A,0
68.91.48.238,A,0
202.165.20.18,B,0
176.239.253.243,B,0
52.100.34.242,B,0
60.206.10.206,A,0
69.182.12.43,B,0
20.180.213.167,A,0
70.9.103.190,A,0
63.63.32.101,A,0
93.205.90.85,A,0
110.225.126.124,B,1
175.229.238.192,A,0
18.20.19.183,B,0
98.49.239.223,A,0
214.234.41.23,B,0
20.8.64.214,B,0
111.193.204.243,B,0
213.107.182.135,B,0
42.249.174.9,B,0
95.110.223.155,B,0
19.136.77.197,B,0
164.251.159.172,A,0
170.85.155.57,A,0
6.210.91.11,B,0
143.76.173.225,B,0
121.36.178.57,A,0
185.202.0.206,B,0
61.154.97.172,B,0
161.209.123.154,B,0
194.217.195.230,B,0
111.213.192.158,B,0
214.23.214.168,A,0
24.47.117.217,A,0
71.129.225.49,B,0
62.75.187.47,B,1
32.127.115.176,B,0
170.204.78.1,B,0
15.114.123.70,B,0
179.214.174.137,A,1
32.214.215.214,A,0
131.29.168.207,A,0
10.93.55.124,A,0
94.93.226.199,A,0
76.164.208.207,A,0
14.172.108.39,A,0
19.136.51.216,B,0
142.112.250.178,B,0
68.172.54.28,B,0
161.95.215.204,A,0
72.114.20.91,B,0
154.113.169.29,A,0
140.199.139.159,A,0
193.71.121.253,A,0
203.81.202.248,A,0
123.115.168.177,B,0
47.244.221.124,A,0
2.228.183.88,B,1
5.117.184.231,A,0
106.5.242.156,B,0
100.161.20.1,B,0
28.70.43.125,A,0
47.255.0.168,B,1
57.197.183.158,A,0
21.4.136.192,A,0
157.92.97.213,B,0
73.179.52.40,B,0
213.79.204.14,B,0
187.221.178.53,B,0
34.187.64.128,A,0
178.240.78.1,B,0
63.232.183.195,B,0
213.8.156.81,B,1
196.43.26.26,B,0
24.66.87.156,A,0
171.170.168.106,A,0
213.69.98.120,A,0
175.179.18.118,A,0
162.103.189.28,A,0
70.246.153.174,B,0
97.87.176.101,B,0
207.117.173.204,A,1
65.227.221.80,B,0
217.160.74.5,B,0
120.164.66.118,B,0
175.134.51.150,A,0
18.232.227.199,A,0
85.67.8.181,B,0
184.84.170.156,A,0
210.38.22.151,A,0
208.225.124.191,B,0
145.236.249.7,B,0
74.244.217.207,B,0
143.219.113.76,B,0
19.45.13.238,B,0
144.108.19.241,A,0
97.73.177.246,B,0
83.47.141.139,B,0
84.138.5.220,B,0
152.135.18.144,B,0
70.72.185.133,B,0
217.13.90.230,B,1
155.57.115.13,B,0
31.85.116.87,B,1
92.234.136.215,A,0
174.21.197.0,B,0
147.136.243.134,A,1
107.238.65.92,A,0
159.185.185.93,B,0
68.154.145.246,A,0
142.140.184.222,A,0
3.230.59.198,A,0
122.178.122.95,B,0
8.230.150.132,B,0
158.254.180.224,B,0
46.123.172.121,B,0
163.127.229.110,A,0
180.169.51.91,A,0
162.198.163.201,A,0
70.199.252.212,B,0
30.203.199.84,B,0
103.150.91.244,B,0
137.156.179.181,B,0
20.25.178.124,B,0
113.232.111.101,A,0
43.241.169.133,A,0
171.74.162.193,A,0
103.122.59.65,A,0
73.153.76.62,B,0
80.84.18.75,B,0
165.69.129.91,B,0
182.52.37.87,A,0
29.119.8.195,B,0
54.28.98.11,B,0
116.73.50.38,A,0
100.189.98.181,A,0
197.60.177.89,A,0
108.41.22.46,A,0
140.12.141.18,B,0
39.42.156.9,A,0
213.125.91.228,B,1
167.254.128.0,A,0
27.165.165.253,B,0
134.237.188.72,A,0
143.241.23.182,B,0
170.55.93.184,B,0
91.251.159.63,B,0
132.78.219.87,A,0
73.22.167.125,A,0
189.173.95.136,A,0
193.73.212.150,A,0
1.204.197.117,B,0
47.99.169.25,B,0
52.23.14.58,A,0
189.60.46.174,A,0
121.40.206.86,A,0
103.11.67.213,B,1
76.15.70.39,A,0
52.123.40.27,B,0
5.155.184.118,B,0
102.188.20.71,B,0
43.235.7.235,A,0
104.254.60.65,B,0
39.245.244.46,A,0
22.70.163.194,B,0
170.55.98.140,B,0
121.3.11.183,B,0
71.228.137.92,A,0
171.53.158.136,B,0
139.42.65.73,B,0
197.3.50.68,A,0
122.1.201.219,B,1
35.20.2.254,B,0
98.246.72.103,B,0
183.166.142.170,B,0
91.65.132.251,A,0
196.118.161.209,B,0
182.215.202.195,B,0
202.184.61.39,B,0
176.65.57.172,B,1
24.186.254.199,A,0
6.202.144.150,B,0
151.123.201.159,A,0
52.214.219.16,A,0
72.86.248.244,B,0
6.9.78.63,A,0
85.147.205.186,B,0
171.226.188.99,A,0
159.242.175.64,A,0
219.52.201.187,A,0
110.240.223.66,A,0
144.219.158.121,A,0
153.157.108.142,B,0
17.230.45.32,B,0
165.177.147.1,B,0
94.9.23.90,B,0
121.43.102.208,A,1
70.132.119.188,B,0
43.109.36.185,B,0
55.225.42.222,A,0
43.85.241.205,A,0
102.22.136.160,A,0
199.88.95.118,A,0
3.243.31.211,A,0
94.164.124.98,B,0
154.155.172.142,B,0
198.78.111.148,A,0
126.176.195.226,B,0
166.58.248.61,A,0
133.45.84.184,A,0
140.236.132.155,A,0
94.49.35.194,A,0
106.56.5.208,A,0
114.151.49.244,A,0
60.188.100.207,B,0
36.91.77.101,B,0
220.58.222.178,B,0
103.33.62.91,B,0
22.159.28.215,B,0
90.88.214.66,B,0
190.238.185.171,A,0
113.215.80.49,B,0
185.62.125.194,A,0
37.78.69.15,A,0
75.185.76.137,B,0
104.51.221.134,A,0
43.78.96.19,B,0
185.42.179.225,A,0
76.242.210.86,A,1
19.154.74.218,B,0
22.174.123.62,A,0
190.2.205.200,A,1
56.30.207.208,B,0
50.8.37.55,B,0
204.157.15.4,B,0
115.93.204.138,B,0
126.252.177.57,A,0
4.87.30.216,A,0
10.233.226.10,B,0
91.251.188.234,A,0
220.51.166.125,A,0
216.118.244.183,B,0
142.170.162.21,B,0
20.94.234.100,B,0
3.4.106.218,B,0
95.161.148.173,A,0
112.173.227.30,B,0
202.16.26.14,B,0
154.50.108.253,B,0
68.17.126.3,A,0
86.38.183.122,A,0
39.205.231.119,A,0
37.120.171.188,A,0
110.175.192.36,A,0
137.50.36.36,B,0
75.60.209.196,B,0
134.60.149.157,A,0
69.98.130.29,B,0
15.72.169.224,B,0
62.164.78.154,B,0
170.165.30.11,B,0
81.80.106.146,B,1
55.47.82.236,A,0
158.106.108.233,A,0
222.222.143.156,B,0
68.201.79.180,A,0
202.63.113.149,A,0
6.171.73.202,A,0
219.172.232.74,A,0
29.6.2.104,B,0
39.4.206.115,B,0
108.56.117.55,B,0
161.1.199.21,B,1
223.76.16.173,B,0
221.78.65.156,A,0
12.209.255.98,A,0
214.107.44.130,A,0
97.30.81.208,B,0
13.69.67.143,A,0
87.40.220.95,B,0
107.109.252.75,A,0
124.1.170.103,B,0
77.170.158.101,B,0
3.72.248.203,A,0
168.188.223.78,A,0
23.208.87.138,A,0
45.114.57.94,B,0
145.143.249.174,B,0
197.93.124.150,B,0
152.27.221.220,B,0
47.139.203.66,A,0
59.33.121.77,B,0
32.59.230.243,B,1
40.9.125.128,A,0
64.135.221.39,B,0
103.50.174.106,A,0
141.152.22.112,B,0
182.99.149.120,A,0
205.76.232.231,B,0
136.187.80.145,A,0
55.81.134.169,B,0
188.234.238.78,A,0
44.45.51.151,A,0
32.92.98.147,B,0
209.112.62.29,A,0
136.227.14.116,A,0
137.127.150.211,A,0
124.182.37.224,B,0
191.194.23.233,B,0
52.23.122.213,A,1
53.199.180.35,A,0
170.146.99.212,A,0
87.228.129.105,B,0
183.162.229.108,A,0
203.187.125.151,A,0
112.233.115.169,A,0
116.116.30.219,A,0
153.176.44.71,B,0
155.239.165.251,B,0
82.8.59.178,B,0
149.37.58.38,A,0
61.229.60.214,A,0
101.207.67.172,A,0
217.163.243.113,B,0
108.158.2.216,A,0
96.203.17.212,A,0
97.146.213.67,B,0
49.215.2.82,B,0
156.201.42.201,A,0
42.152.52.200,B,0
117.98.63.126,A,0
59.24.72.116,A,0
178.64.89.182,B,0
117.131.182.83,A,0
89.245.216.141,A,0
52.2.189.186,A,0
88.223.56.57,A,0
24.173.254.107,B,0
113.33.241.197,B,0
143.59.166.205,B,0
107.104.139.40,B,0
190.58.218.121,A,0
174.182.75.138,B,0
195.126.195.137,A,0
115.216.54.251,A,0
214.119.7.213,B,0
134.66.22.91,B,0
196.200.251.92,B,0
87.255.218.152,B,0
77.121.252.240,A,0
220.22.138.189,A,0
176.123.240.188,A,0
148.187.63.219,B,0
40.99.17.0,A,0
36.15.148.201,A,0
125.192.124.225,A,0
190.216.121.65,B,0
105.102.147.225,B,0
107.43.113.144,B,0
76.51.6.131,B,0
19.77.219.186,B,0
112.131.223.229,B,0
8.235.71.154,A,0
111.17.20.94,A,0
61.188.31.110,A,0
126.52.3.111,B,0
183.206.125.60,A,0
144.248.33.78,A,1
169.29.116.223,A,0
64.251.172.204,A,0
179.112.200.76,A,0
14.197.86.203,B,0
88.201.172.100,A,0
139.175.145.89,B,0
170.212.167.136,A,0
17.27.174.241,B,0
46.93.84.39,B,0
34.82.83.220,B,0
58.201.184.233,B,1
37.166.135.176,B,0
179.100.64.221,A,0
158.93.73.49,B,0
90.152.249.36,B,0
209.64.181.214,B,0
184.248.123.51,A,0
65.138.210.115,A,0
136.80.195.55,B,0
91.190.47.173,B,0
12.66.192.225,A,0
138.29.60.251,B,0
203.97.175.82,A,0
183.120.20.138,A,0
162.244.127.28,B,0
18.194.170.182,B,0
31.199.218.183,A,0
135.151.88.232,B,0
119.1.239.13,B,0
150.93.81.36,A,1
131.35.196.249,B,0
35.217.159.222,B,0
133.84.241.188,B,0
208.189.70.106,A,0
108.69.205.133,B,0
199.35.166.102,B,0
110.52.28.124,A,0
62.255.54.151,A,0
23.136.176.199,A,0
30.122.70.84,A,0
120.84.15.151,B,0
161.55.75.69,A,0
17.15.17.119,B,0
77.2.142.87,A,0
133.11.181.242,B,0
140.68.248.130,A,0
148.242.172.43,B,0
66.105.223.50,A,0
59.164.217.31,B,0
105.172.134.177,B,0
112.180.242.37,B,0
213.70.215.200,B,0
109.219.191.117,A,0
215.152.244.178,A,0
158.209.24.52,A,1
69.255.239.0,B,0
66.103.84.44,B,1
43.221.3.31,A,0
134.60.56.2,A,0
84.137.67.245,B,0
9.126.235.30,A,0
155.93.237.152,A,0
81.180.198.102,B,0
79.160.199.63,B,0
93.118.189.192,A,0
204.173.72.92,A,0
200.22.134.225,A,0
42.240.159.201,B,0
16.142.84.85,B,0
187.74.11.100,A,0
51.241.80.145,B,0
220.19.99.160,B,0
179.145.129.215,B,0
29.128.70.91,A,0
178.132.95.104,B,0
135.48.126.91,B,0
87.143.46.249,A,0
31.106.170.141,B,0
73.207.100.27,A,0
90.128.119.212,B,0
194.112.90.107,B,0
2.116.67.175,B,0
78.251.218.115,A,0
115.7.16.147,A,0
111.73.125.94,B,0
129.202.227.59,A,0
22.86.226.140,A,0
132.23.54.39,B,0
53.195.64.102,B,0
53.28.191.146,B,0
108.159.135.49,B,0
199.107.182.209,B,0
133.211.28.225,B,1
65.29.15.189,A,0
186.162.65.11,B,0
80.163.225.108,B,0
16.130.186.63,A,0
109.82.213.64,A,0
12.96.166.179,B,0
174.203.68.243,B,0
14.75.118.88,B,0
137.239.123.181,A,0
60.142.84.87,B,0
40.10.183.106,A,0
181.36.177.22,A,0
71.210.120.201,B,0
113.44.225.70,A,0
129.47.25.39,A,0
118.129.154.122,B,0
4.129.109.224,A,0
108.249.138.181,B,0
24.173.202.211,B,0
148.193.78.208,A,0
118.128.94.251,B,0
171.6.185.75,B,0
209.16.20.201,B,0
191.30.94.41,B,0
1.173.124.192,B,0
6.99.101.231,A,0
184.179.240.126,A,0
6.109.190.145,A,0
70.89.89.183,B,0
31.198.171.216,B,0
216.233.219.168,B,1
150.132.207.182,B,0
150.169.144.127,A,0
129.16.24.120,B,0
174.196.32.60,A,0
215.144.174.104,A,0
92.125.42.197,B,1
144.229.189.1,A,0
213.162.49.75,B,0
34.92.44.196,A,0
19.247.142.169,A,0
38.159.42.212,A,0
104.7.26.166,A,0
46.49.129.219,A,0
108.241.219.121,A,0
68.99.58.227,A,0
101.24.202.43,A,0
29.153.162.237,A,0
96.17.239.84,B,0
18.63.136.195,A,0
95.99.235.207,A,0
136.177.152.151,A,0
161.105.92.244,A,0
31.6.220.236,B,1
107.27.188.169,A,0
123.201.102.199,B,0
85.220.201.143,A,0
77.94.149.73,A,0
218.11.239.64,B,0
159.28.137.24,B,0
168.243.13.171,A,0
176.249.127.24,A,0
71.141.154.158,A,0
106.222.79.43,B,0
212.103.60.231,A,0
125.239.192.144,A,0
222.51.222.25,A,0
61.246.153.7,B,0
34.249.28.248,A,0
174.234.139.218,A,0
14.167.244.62,B,0
149.32.51.214,A,0
32.59.196.150,B,0
168.180.236.154,B,0
158.119.238.13,A,1
202.13.209.223,A,0
49.105.224.226,A,0
78.195.78.25,B,0
131.15.131.42,A,0
25.239.233.228,A,0
54.207.36.171,A,0
211.184.105.48,A,0
86.140.245.229,B,0
185.72.199.196,B,0
138.237.93.189,A,0
213.32.152.250,B,0
201.248.238.242,B,0
98.251.153.179,B,0
158.127.209.226,A,0
44.59.159.82,A,0
58.223.181.174,A,0
35.109.206.149,A,0
177.6.133.231,A,0
162.161.162.76,B,0
85.0.197.218,A,0
78.237.152.183,A,0
131.190.209.190,A,0
204.153.94.62,A,0
102.214.139.69,A,0
214.137.40.180,B,0
189.101.61.247,A,0
199.60.181.207,B,0
179.202.23.46,B,0
61.66.36.85,A,0
117.3.243.75,A,0
46.22.149.142,B,0
117.162.143.204,A,0
27.240.222.52,A,0
18.227.224.152,A,0
54.172.199.44,B,0
203.75.8.234,B,0
161.197.35.124,B,0
172.139.82.191,A,0
126.131.73.164,B,0
145.2.188.140,A,0
121.54.238.97,B,0
94.48.189.190,A,0
157.185.215.74,A,0
181.90.219.88,A,0
140.54.44.61,A,0
162.148.128.249,B,0
28.148.65.110,A,0
187.231.48.52,A,0
98.29.254.168,B,0
7.7.71.223,B,1
191.186.181.103,A,0
17.250.116.40,A,0
97.74.77.67,B,0
32.237.162.176,B,0
171.78.241.24,A,0
116.207.239.252,B,0
40.244.224.170,B,0
165.96.79.159,B,0
20.206.155.45,A,0
60.34.224.108,B,0
222.98.207.219,B,0
44.171.221.72,B,0
103.178.244.184,B,0
173.62.101.195,A,0
112.67.251.66,B,0
178.158.93.168,B,0
12.209.213.227,A,0
122.204.247.13,B,0
210.84.156.1,A,0
89.222.220.41,B,0
40.59.116.53,A,0
150.157.41.235,B,0
144.185.59.217,A,0
198.121.56.111,A,1
125.74.242.6,B,0
197.60.194.205,B,0
215.26.246.2,A,0
144.22.149.206,B,0
29.209.216.180,A,0
169.90.76.124,A,0
90.34.190.181,B,0
66.231.147.8,A,0
71.116.133.209,A,0
26.219.50.81,B,0
198.180.213.252,A,0
75.207.195.80,B,0
101.72.3.58,B,0
71.30.173.117,B,0
73.109.234.117,B,0
132.182.38.29,A,0
212.156.187.159,A,0
154.168.85.40,A,0
81.213.195.6,B,0
37.248.197.89,A,0
204.228.228.242,A,0
196.4.153.197,A,0
24.31.170.8,A,0
107.155.68.218,B,0
76.58.111.97,A,0
177.56.33.68,B,0
90.156.187.150,B,0
18.204.140.150,A,0
52.207.72.37,A,0
39.118.35.93,A,0
189.241.68.3,B,0
113.26.30.2,A,0
177.173.45.234,A,1
144.176.205.94,B,0
174.43.173.228,A,0
160.77.99.194,B,0
82.142.32.58,B,0
148.200.12.115,B,0
42.165.119.216,A,0
197.110.235.14,A,0
100.233.222.172,A,0
82.108.7.100,B,0
47.18.21.244,A,0
206.233.191.132,A,0
163.128.48.35,A,0
91.57.41.243,A,0
150.90.247.227,B,0
69.245.106.91,A,0
138.135.64.78,A,0
9.100.78.39,A,0
57.67.144.220,B,0
197.80.165.198,A,0
89.213.1.158,B,0
64.93.5.148,B,0
2.85.60.208,B,0
185.98.19.73,B,0
223.168.111.5,B,0
168.12.57.61,B,0
213.133.111.86,B,0
69.168.130.45,B,0
15.42.62.92,B,0
187.220.137.210,B,0
22.211.80.168,A,0
69.153.24.74,B,0
162.243.185.6,B,0
165.199.71.19,A,0
26.14.130.20,A,0
147.33.233.190,B,1
158.93.254.113,B,0
83.172.119.53,B,0
202.66.61.21,A,0
194.104.150.197,A,0
49.161.69.2,A,0
132.237.227.63,A,0
39.213.52.31,B,0
33.145.93.255,A,0
27.201.195.72,B,0
3.110.219.236,B,0
212.213.57.244,A,0
197.133.96.164,A,0
121.110.114.242,A,1
99.118.44.219,B,0
152.162.91.168,B,0
134.112.186.220,A,0
52.230.109.172,B,0
106.168.232.82,A,0
64.193.24.38,B,0
103.219.99.106,B,0
19.164.181.109,A,0
121.148.26.11,B,0
3.15.57.188,A,0
196.85.95.35,B,0
90.152.17.241,A,1
213.47.75.1,B,1
23.120.185.36,B,0
184.72.40.59,B,0
69.133.25.104,B,0
40.2.186.159,A,0
106.41.166.223,A,0
22.209.125.250,B,0
156.64.115.90,A,0
79.188.65.42,B,1
5.58.107.74,A,0
85.223.145.190,A,0
170.34.90.183,B,0
54.70.103.230,A,0
112.82.72.120,A,0
38.197.146.110,B,0
200.21.229.48,A,0
74.34.196.28,B,0
166.75.186.147,A,0
180.38.76.172,B,0
9.97.110.248,A,0
24.239.248.134,B,0
96.50.246.233,A,0
95.197.200.221,A,0
105.131.233.176,B,0
106.62.216.176,A,0
109.228.42.36,A,0
163.139.173.40,A,0
169.43.151.62,A,0
118.12.94.255,B,0
191.219.125.248,A,0
104.170.241.19,B,0
125.61.22.204,A,0
159.11.12.11,A,0
76.67.112.242,A,0
206.187.43.64,A,0
166.160.180.127,A,0
107.59.252.182,B,0
149.23.123.34,A,0
219.186.81.196,B,0
115.221.223.207,A,0
62.232.6.189,B,0
11.16.181.190,A,0
76.251.1.4,B,0
179.182.192.160,A,0
110.221.194.2,B,0
167.102.67.221,B,1
203.79.54.121,A,0
25.223.110.203,B,0
113.228.123.108,B,0
34.163.170.43,A,0
118.128.191.250,B,0
168.172.64.130,A,0
171.24.6.185,B,0
210.5.197.102,B,0
136.55.39.228,B,0
181.230.112.183,A,0
48.161.42.17,B,0
135.38.13.131,B,0
6.42.180.6,A,0
59.87.58.73,B,0
103.139.242.108,B,0
53.34.22.60,A,0
26.208.116.21,A,0
167.154.241.134,A,0
130.252.252.77,B,0
114.101.85.72,A,0
179.243.36.45,A,0
129.9.243.172,B,0
74.247.189.35,A,0
46.218.173.99,A,0
186.184.2.114,B,0
102.115.126.141,B,0
47.36.11.136,A,0
161.212.174.224,A,0
162.108.140.19,A,0
213.66.194.8,A,0
206.193.83.211,A,1
201.10.233.146,A,0
65.196.80.18,B,0
142.250.74.44,A,0
217.47.191.143,A,0
84.232.212.26,B,0
133.166.152.143,A,0
25.203.227.17,B,0
82.167.213.225,B,1
192.114.45.77,B,0
61.178.131.2,B,0
198.183.108.15,B,0
61.215.223.155,A,0
101.118.198.112,B,0
4.112.133.93,B,0
56.95.171.215,A,0
123.101.225.96,A,0
198.223.72.122,B,0
139.143.184.112,B,1
6.60.32.251,B,0
120.185.242.19,B,0
83.126.193.120,A,0
65.154.56.233,B,0
109.136.147.54,A,0
126.202.58.29,A,0
69.122.146.214,A,1
52.140.226.188,A,0
113.193.33.126,A,0
217.168.22.31,A,0
27.41.114.226,A,0
34.140.221.188,A,0
181.196.123.188,A,0
52.50.24.250,B,0
193.98.183.179,A,0
129.124.191.158,A,0
28.33.127.192,A,0
148.76.99.255,A,0
31.90.246.184,B,0
198.242.65.202,A,0
179.96.217.97,B,0
22.34.75.251,A,0
177.29.100.215,B,0
122.1.210.201,B,0
89.250.156.159,B,0
71.21.160.100,A,0
161.12.43.52,A,0
11.166.21.33,B,0
195.38.209.43,A,0
126.60.67.230,B,0
16.20.154.1,A,1
97.10.29.95,A,0
53.162.175.54,A,0
111.250.76.1,A,0
26.4.134.150,A,0
128.44.87.37,B,0
129.192.171.100,B,0
81.238.193.164,A,0
138.233.174.145,A,0
109.0.97.127,A,0
26.237.174.87,B,0
112.116.56.141,B,0
107.94.42.172,B,0
223.176.113.192,B,0
116.155.2.223,B,0
169.227.68.237,A,0
209.183.251.140,B,0
150.9.193.53,A,0
69.64.146.109,B,0
63.114.213.133,A,0
72.35.44.216,B,0
38.219.38.6,B,0
188.66.127.7,B,0
193.29.65.239,A,0
205.6.129.219,B,0
35.200.51.45,A,0
55.3.171.111,B,0
26.78.191.32,A,0
100.56.1.12,B,0
6.248.34.88,A,0
58.35.183.28,B,0
30.204.149.29,A,0
83.67.230.181,B,0
118.6.147.202,A,0
96.96.214.178,B,0
190.193.125.112,B,1
185.73.187.120,A,0
77.233.18.129,A,0
65.54.211.255,A,0
102.60.240.16,A,0
197.200.223.132,A,0
52.44.228.14,B,0
19.40.92.87,A,0
53.205.229.139,A,0
69.76.103.125,B,1
48.167.164.130,A,1
102.248.19.77,B,0
21.91.196.229,A,0
182.229.84.116,B,0
122.121.92.184,A,0
22.57.52.185,A,0
77.23.244.84,A,0
71.119.114.42,B,0
221.150.107.217,B,0
161.110.63.16,A,0
122.199.145.230,B,0
1.33.173.154,B,0
18.121.202.174,B,0
80.18.149.232,B,0
203.181.193.110,B,0
64.200.241.2,A,0
147.101.228.216,B,0
44.209.122.253,B,0
2.90.192.199,B,0
164.139.141.84,A,0
98.154.242.174,B,0
177.136.235.18,B,0
44.239.138.194,A,0
181.65.179.77,B,0
115.172.103.211,B,0
31.25.171.111,B,0
89.119.212.192,B,0
56.197.50.132,A,0
223.167.40.135,A,0
42.231.137.162,B,0
75.198.122.103,B,0
209.19.158.43,A,0
209.151.130.18,A,0
213.18.71.232,B,0
31.8.192.192,B,0
177.211.128.39,B,1
175.36.14.91,B,0
14.214.233.55,B,0
32.105.220.166,B,0
9.34.162.75,B,0
131.93.4.222,A,0
114.206.204.135,B,0
121.140.192.90,B,1
202.59.170.178,B,0
208.27.118.8,B,0
77.36.87.148,B,0
196.233.20.152,A,0
44.13.154.229,A,0
32.66.215.57,B,0
180.133.155.103,B,0
120.141.247.134,B,0
145.251.98.199,A,0
4.241.35.56,B,0
164.18.13.168,A,0
189.208.113.98,B,0
126.162.195.220,B,0
165.173.148.56,A,0
149.76.141.33,B,1
194.40.246.110,B,0
5.157.53.175,A,1
125.241.137.227,B,0
18.73.187.26,B,0
23.119.76.19,A,0
124.115.149.219,B,0
197.122.80.56,B,0
2.111.105.12,B,0
191.151.249.183,A,0
202.129.51.154,A,0
109.161.87.61,A,0
89.202.20.195,B,0
46.166.168.10,A,0
3.28.98.165,B,0
158.119.148.59,B,0
63.46.162.60,A,0
58.129.148.102,B,0
89.84.64.201,B,0
74.57.75.131,B,0
79.224.20.80,B,0
217.97.39.94,A,0
207.80.31.62,B,0
54.120.214.238,B,0
137.65.241.82,B,0
9.3.226.88,B,0
143.221.184.74,B,0
34.51.80.77,B,0
129.187.97.203,B,0
18.173.49.99,A,0
179.255.2.87,A,0
59.204.134.179,B,0
5.14.151.243,B,0
129.53.118.146,B,0
118.154.178.190,B,0
210.86.136.219,A,0
101.113.105.56,B,0
170.12.5.250,B,0
77.223.150.90,A,0
110.61.224.21,A,0
81.162.42.178,B,0
105.166.246.152,B,0
184.142.170.226,B,0
119.62.213.189,B,0
149.237.231.30,B,0
222.203.253.237,B,0
24.54.53.15,B,0
116.252.111.209,B,0
173.43.109.45,B,0
56.84.150.28,A,0
157.199.194.82,A,0
174.38.139.248,A,0
206.102.244.28,B,0
143.244.197.201,B,0
189.117.220.195,B,0
184.84.129.4,A,0
166.183.117.81,A,0
32.223.169.119,B,0
45.168.36.52,A,1
70.239.126.212,A,1
42.54.132.183,B,0
69.22.140.12,A,0
159.138.21.242,B,0
98.92.69.253,A,0
134.77.215.165,B,0
123.180.245.42,A,1
46.125.178.159,A,0
65.18.113.69,B,0
47.115.174.213,B,0
55.40.202.62,B,0
139.121.15.18,B,0
129.19.142.219,B,0
93.53.200.62,B,0
105.73.63.204,A,0
75.116.159.218,A,0
21.148.255.233,B,0
51.84.140.252,A,0
9.120.149.48,B,0
108.20.44.186,B,0
150.97.223.33,B,0
87.54.156.206,B,0
184.223.45.89,A,0
113.195.99.97,B,0
220.43.132.115,B,0
142.70.134.208,B,0
42.154.170.104,B,0
156.213.66.148,B,0
105.65.218.174,A,0
112.144.246.110,A,0
76.106.66.49,A,0
125.49.183.139,B,0
116.80.254.200,A,0
219.55.178.145,B,0
46.115.247.118,B,0
173.83.122.155,B,0
175.207.228.127,B,0
170.241.59.70,B,0
158.163.58.50,A,0
144.54.111.69,A,0
198.155.149.174,A,0
94.250.10.154,A,0
124.161.190.49,A,0
197.32.82.38,A,0
208.93.145.61,B,1
21.14.200.87,B,0
26.92.42.192,A,0
85.159.104.203,A,0
162.193.168.70,B,0
98.194.197.115,A,0
143.107.9.251,B,0
4.171.127.117,B,0
67.245.39.167,B,0
50.46.132.36,A,0
110.224.242.238,A,0
88.176.55.200,B,0
153.145.90.216,A,1
208.253.125.30,A,0
100.30.218.157,B,0
74.233.104.47,B,0
148.34.67.84,B,0
194.129.86.43,B,1
114.227.178.170,B,0
126.193.55.62,B,0
129.55.96.55,B,0
16.228.62.4,B,0
202.8.123.33,A,0
181.245.23.124,A,0
62.255.104.65,A,0
109.10.0.21,A,0
126.161.0.102,A,0
70.190.92.36,A,0
78.167.77.101,A,0
28.134.115.193,A,0
88.219.249.231,A,0
61.103.217.202,A,0
115.216.110.231,A,0
58.234.16.65,A,0
100.38.177.58,B,0
213.126.237.49,A,0
138.60.157.114,B,0
210.173.48.243,B,0
36.192.176.207,A,0
1.240.75.202,B,0
92.136.90.93,A,0
216.54.78.60,A,0
85.250.164.158,A,0
172.102.9.253,A,0
88.119.28.249,B,0
191.176.241.41,B,0
179.237.21.181,B,0
41.218.109.61,B,0
134.30.129.136,A,0
59.179.116.19,A,0
158.149.235.70,A,0
128.114.81.174,A,0
120.231.145.19,A,0
89.87.244.249,B,0
25.193.135.45,B,0
70.45.68.66,B,0
30.65.62.15,A,0
169.32.77.105,A,0
124.134.221.136,B,0
143.71.48.231,B,0
190.124.37.41,A,0
172.79.243.225,A,0
189.39.250.128,B,0
164.44.245.101,B,0
150.93.39.152,A,1
28.119.45.97,B,0
91.154.215.194,A,0
25.177.108.101,B,0
198.229.109.89,A,1
80.213.2.226,A,0
162.17.201.188,B,0
112.75.197.19,A,0
71.119.164.110,A,0
71.98.213.5,A,0
21.47.128.141,B,0
44.219.175.243,A,0
219.8.103.153,A,0
197.25.44.88,B,0
52.140.103.87,B,0
96.75.140.63,A,0
191.17.158.217,B,0
49.203.9.66,A,1
105.143.145.38,B,0
7.194.157.52,A,0
140.3.226.228,A,0
117.65.206.104,A,0
190.104.185.221,B,0
70.116.128.84,B,0
76.73.218.83,B,0
33.226.86.139,B,0
47.91.50.26,B,0
86.135.206.163,A,0
79.96.149.169,B,0
90.72.100.143,B,0
19.227.175.229,B,0
7.91.69.188,A,0
107.107.159.1,A,0
66.244.255.234,A,0
210.134.29.14,B,0
177.207.81.98,A,0
208.137.141.92,A,0
82.110.152.208,A,0
207.173.226.185,B,0
146.226.34.156,A,0
14.111.226.145,B,0
147.16.156.32,B,0
152.67.11.153,B,0
145.161.225.172,B,0
115.127.109.179,B,0
220.108.206.181,B,0
154.86.158.49,A,0
45.239.173.157,A,0
113.227.184.61,B,1
182.51.93.120,B,0
119.235.221.38,B,0
107.128.192.51,B,0
123.7.0.60,A,0
185.179.81.71,B,0
49.224.36.139,B,0
155.22.147.215,B,1
123.82.95.135,B,0
24.237.122.235,A,0
99.255.232.162,A,0
173.90.195.147,B,0
191.137.89.29,B,0
65.174.8.238,A,0
213.84.127.146,A,0
139.248.101.21,A,0
88.238.207.139,A,0
115.249.117.56,B,0
125.34.164.161,A,0
209.221.223.90,A,0
55.145.52.152,B,0
144.196.116.168,A,0
22.173.100.139,A,0
208.68.47.20,A,0
195.112.202.85,B,0
201.148.21.72,A,0
117.183.38.9,A,0
5.199.199.227,A,0
74.205.239.218,A,0
151.165.188.57,B,0
140.84.137.15,A,0
20.31.17.35,B,0
60.184.233.201,A,0
9.255.197.176,B,0
168.63.132.136,A,0
197.52.154.63,B,0
216.77.66.160,B,0
97.72.125.9,B,0
211.46.113.133,B,0
60.93.219.157,B,0
28.133.70.29,A,0
50.90.75.72,B,0
73.48.166.195,B,0
86.60.218.99,A,0
78.240.151.181,A,0
48.49.4.206,A,0
78.212.245.58,A,0
44.209.162.244,B,0
171.231.113.209,A,0
129.72.187.70,B,0
102.96.160.4,B,0
54.224.253.25,B,0
150.217.219.178,B,0
153.38.25.0,A,0
106.210.130.21,A,0
211.84.76.30,B,0
154.71.224.207,A,0
28.228.1.87,A,1
146.55.51.144,B,0
71.175.0.248,B,0
159.140.75.226,B,0
93.5.222.234,A,0
3.204.81.95,B,0
162.183.132.227,A,0
185.244.242.138,A,0
188.103.235.208,A,0
69.100.26.163,A,0
203.160.137.49,B,0
111.22.206.3,A,0
66.183.88.91,B,0
38.48.53.105,A,0
93.8.125.9,B,0
50.236.191.30,A,0
4.42.63.60,A,0
86.82.57.88,A,0
192.229.242.74,B,0
167.153.1.139,A,0
77.72.231.93,A,0
82.192.52.138,A,0
71.5.153.180,A,0
167.215.110.216,B,0
162.36.140.100,A,0
186.91.25.238,B,0
124.194.172.247,A,0
83.249.187.148,B,0
73.197.138.197,A,0
104.210.149.219,A,0
153.232.84.241,B,0
13.180.85.194,B,0
33.33.145.100,A,0
26.127.88.184,A,0
134.79.42.24,A,0
145.116.240.187,A,0
51.180.115.149,A,0
174.149.77.184,B,0
51.112.223.13,B,0
72.117.15.52,A,0
120.221.175.171,A,0
129.165.151.101,B,0
88.72.250.206,B,0
80.114.7.17,B,0
68.250.43.225,B,0
145.75.99.182,B,0
203.36.219.112,A,0
165.200.177.63,B,0
74.0.109.165,B,0
31.255.5.200,B,0
145.182.19.188,B,0
180.217.117.59,A,0
22.30.106.160,B,0
18.96.162.253,A,1
191.138.155.198,A,0
191.79.123.237,B,0
167.133.149.15,B,0
95.152.8.64,B,0
135.73.14.66,B,0
75.60.32.61,B,0
106.50.224.208,A,0
26.108.146.192,B,1
83.2.217.28,B,0
217.87.147.27,B,0
196.163.180.106,A,0
30.142.105.243,A,0
108.77.102.18,A,0
201.150.234.160,B,0
211.77.225.81,A,0
156.233.29.176,B,0
187.195.180.13,B,0
158.228.104.242,A,0
222.134.213.147,A,0
161.112.179.241,A,0
82.217.25.142,B,0
37.136.30.140,A,0
100.142.4.181,B,0
55.176.102.116,A,0
151.233.178.101,A,0
6.83.238.35,B,0
203.124.210.251,A,0
201.230.78.183,A,0
223.132.254.126,A,0
56.196.161.191,A,0
39.248.197.235,A,0
24.178.100.82,A,0
117.108.198.21,B,0
110.85.78.249,A,0
48.94.29.76,A,0
124.15.93.60,A,0
88.181.41.136,B,0
79.245.151.240,B,0
208.179.161.129,B,0
161.229.186.148,A,0
48.21.126.5,B,0
131.231.235.224,B,0
66.249.50.39,B,0
66.97.236.187,A,0
149.196.223.250,A,0
219.224.71.40,B,1
144.120.252.174,A,0
193.220.195.57,B,0
33.174.241.171,A,0
222.144.54.127,A,0
143.146.60.215,A,0
105.245.71.237,A,0
96.33.104.240,A,0
147.184.253.51,B,0
168.25.147.14,B,0
204.239.15.18,A,0
57.31.220.46,A,0
79.132.129.6,A,0
125.3.101.134,A,0
122.202.3.103,A,0
214.214.83.157,B,0
104.237.81.68,B,0
35.39.249.25,B,0
92.199.62.41,A,0
62.9.76.246,B,0
119.173.54.101,B,0
94.120.33.162,A,0
132.95.60.148,B,0
73.138.28.132,A,0
157.151.99.155,B,0
7.221.187.77,A,0
71.175.177.125,A,0
101.91.232.88,A,0
54.61.114.254,A,0
58.44.97.5,A,0
65.178.57.183,A,0
154.241.183.150,B,0
196.98.177.3,A,0
75.154.31.144,B,0
72.135.109.82,B,0
106.146.112.164,A,0
24.241.172.126,A,1
205.161.183.250,A,0
102.239.209.131,A,0
31.54.221.151,B,0
169.202.148.59,A,0
74.141.107.18,A,0
220.249.157.5,B,0
179.202.222.138,A,0
108.130.134.64,B,0
191.62.29.215,A,0
116.97.159.188,B,0
217.9.253.53,A,1
90.227.132.194,A,0
159.64.233.55,A,0
172.82.243.61,A,0
175.140.238.218,A,0
97.156.17.43,B,0
131.138.197.234,A,0
133.54.77.63,B,0
86.113.119.143,B,0
188.113.56.104,B,0
29.13.66.158,A,0
112.253.234.226,A,1
187.112.95.230,A,0
198.27.147.96,B,0
192.78.185.172,A,0
199.114.252.224,B,0
69.250.166.100,A,0
