property,,cov,cov,cov,wbar,wbar,wbar
method,,a,percentile,bca,a,percentile,bca
population,n,,,,,,
Z,20,0.8959,0.8077,0.8282,1.2480487339717217,0.9231619417635281,1.0368381840118022
Z,40,0.8991,0.8489,0.8634,0.8023671844081892,0.6895890408590447,0.7494818366955999
U,20,0.9867,0.8709,0.8821,0.10415473376339791,0.057018438499476916,0.05891751371819029
U,40,0.9879,0.8897,0.8916,0.06687001398254244,0.039630353836095894,0.04039087422631837
S,20,0.8129,0.7378,0.7839,0.12839775352663374,0.10848735561974539,0.1253049797882709
S,40,0.7985,0.7955,0.8215,0.08297590660522544,0.08631583610331019,0.09846868710906753
E,20,0.645,0.6732,0.7189,0.050411991867613824,0.05495277292779248,0.06491098799265702
E,40,0.6208,0.7434,0.7707,0.03225393599547512,0.04476792995987144,0.05284030549667805
E,100,0.6018,0.8077,0.8285,0.01926604444568283,0.03216874142166144,0.03666246025131554
B,20,0.9699,0.8451,0.8589,4.30240984502983,2.570522253053871,2.7407282664291195
B,40,0.9695,0.8719,0.8768,2.7762044361040723,1.8370548662170707,1.9196823666670184
